,Motif_ID,x,N,n,M,pvalues,FoldEn,SScore,FDR,clasification,speciesOrigin,Bibliography,tf,tffamily,tfsubfamily
0,M07363_2.00,8,160,286,27655,0.00022673945120965018,2.2734532899375357,8.285538924703316,0.0650742224971696,True,A. thaliana,OMalley2016,AT5G59990,Unknown,.
1,M02721_2.00,2,160,4,27655,0.00019731476588648913,6.433324626715925,23.8344410699977,0.0650742224971696,True,A. thaliana,JASPAR,TCP16,TCP,.
2,1.FD-MEME,6,160,195,27655,0.0008360741094654416,2.4109568136874704,7.420334930736245,0.15996884627772115,True,.,.,1.FD-MEME,.,.
3,M06834_2.00,11,160,2254,27655,0.1031851705682034,-0.24551555481899853,-0.24217229919146535,0.3516461751747502,True,A. thaliana,OMalley2016,DOF1.7,Dof,.
4,M06728_2.00,3,160,112,27655,0.02326031881401747,2.210932205379477,3.6113020343817563,0.3516461751747502,True,A. thaliana,OMalley2016,BIM2,bHLH,.
5,M06772_2.00,3,160,198,27655,0.07947517454975135,1.3889305073574716,1.5275020339864078,0.3516461751747502,True,A. thaliana,OMalley2016,BZIP28,bZIP,.
6,M08424_2.00,1,160,600,27655,0.10567112626876363,-1.7954940637799557,-1.752480604226072,0.3516461751747502,True,A. thaliana,JASPAR,SVP,MADS box,.
7,M06847_2.00,12,160,2571,27655,0.08588842224129185,-0.30982676739657455,-0.3302955890057301,0.3516461751747502,True,A. thaliana,OMalley2016,DOF3.2,Dof,.
8,M07312_2.00,2,160,73,27655,0.058170204397397375,2.243500067835908,2.7713943105431404,0.3516461751747502,True,A. thaliana,OMalley2016,BHLH157,bHLH,.
9,M06816_2.00,6,160,673,27655,0.09916743489030691,0.6238244328267644,0.626089489610244,0.3516461751747502,True,A. thaliana,OMalley2016,IDD2,C2H2 ZF,.
10,M06868_2.00,37,160,7185,27655,0.05273353672859448,-0.1679944489998238,-0.21468230718217401,0.3516461751747502,True,A. thaliana,OMalley2016,DOF5.8,Dof,.
11,M06861_2.00,34,160,6357,27655,0.06706169771317932,-0.1133429051270613,-0.13301078445798406,0.3516461751747502,True,A. thaliana,OMalley2016,DOF4.7,Dof,.
12,M07269_2.00,4,160,415,27655,0.12626956201590894,0.7363571004816383,0.6617651025699633,0.3516461751747502,True,A. thaliana,OMalley2016,HMGB13,HMGBox,.
13,M06840_2.00,9,160,1562,27655,0.13600252768082674,-0.005929109983741704,-0.005137295251064296,0.3516461751747502,True,A. thaliana,OMalley2016,DOF2.2,Dof,.
14,M07002_2.00,3,160,86,27655,0.012117011687063042,2.5920223727349834,4.967881674285123,0.3516461751747502,True,A. thaliana,OMalley2016,MYB61,Myb/SANT,R2R3-MYB
15,M07382_2.00,6,160,479,27655,0.03862418217,1.1144052817009011,1.5748114634757675,0.3516461751747502,True,A. thaliana,OMalley2016,WRKY59,WRKY,.
16,M07334_2.00,10,160,1658,27655,0.12841949729139004,0.06002443010753705,0.05350391831121282,0.3516461751747502,True,A. thaliana,OMalley2016,AtIDD11,C2H2 ZF,.
17,M07257_2.00,1,160,27,27655,0.13445298651361767,2.678437124552457,2.3340692491599073,0.3516461751747502,True,A. thaliana,OMalley2016,SPL9,SBP,.
18,M06745_2.00,1,160,11,27655,0.06007483302343172,3.973893008078628,4.853345047387493,0.3516461751747502,True,A. thaliana,OMalley2016,AT1G06070,bZIP,.
19,M08081_2.00,2,160,758,27655,0.11807432814272512,-1.1327294114551665,-1.0509967735869752,0.3516461751747502,True,A. thaliana,JASPAR,REF6,C2H2 ZF,.
20,M07308_2.00,3,160,161,27655,0.05263434871203153,1.6873702493224645,2.1576922186687906,0.3516461751747502,True,A. thaliana,OMalley2016,AT1G23810,Unknown,.
21,M06818_2.00,8,160,1119,27655,0.12054174367530913,0.3053303057395313,0.28055657740452167,0.3516461751747502,True,A. thaliana,OMalley2016,JKD,C2H2 ZF,.
22,M06856_2.00,9,160,2020,27655,0.0946632572898134,-0.3768899494809194,-0.38586692380026627,0.3516461751747502,True,A. thaliana,OMalley2016,DOF4.2,Dof,.
23,M07289_2.00,2,160,61,27655,0.04339689842602128,2.502587289153039,3.4098785593013687,0.3516461751747502,True,A. thaliana,OMalley2016,TCP14,TCP,.
24,M06846_2.00,6,160,446,27655,0.030285547993502884,1.2173872275167763,1.8489245814629076,0.3516461751747502,True,A. thaliana,OMalley2016,GATA24,Dof,.
25,M07278_2.00,2,160,45,27655,0.02573548321660383,2.9414715303862504,4.6753739083136105,0.3516461751747502,True,A. thaliana,OMalley2016,TCP15,TCP,.
26,M06744_2.00,1,160,13,27655,0.07018315098111293,3.732884908574833,4.306879935062313,0.3516461751747502,True,A. thaliana,OMalley2016,AT1G06070,bZIP,.
27,M07349_2.00,30,160,3835,27655,0.01854821996031314,0.435204359934148,0.7536424163361809,0.3516461751747502,True,A. thaliana,OMalley2016,FRS9,FAR1,.
28,M06900_2.00,3,160,201,27655,0.08174318383673577,1.3672354362581527,1.4869347806431583,0.3516461751747502,True,A. thaliana,OMalley2016,ATHB-13,Homeodomain,HD-ZIP
29,M01970_2.00,1,160,20,27655,0.10370037417423256,3.111396531828563,3.062297688256415,0.3516461751747502,True,Oryza sativa,Zoo_01,OS09G0490200,EIN3,.
30,M06712_2.00,5,160,1281,27655,0.1122243963485152,-0.5678020387383591,-0.5393623801616662,0.3516461751747502,True,A. thaliana,OMalley2016,AT5G60130,B3,REM
31,M06823_2.00,7,160,484,27655,0.01555665461110512,1.3218163114989347,2.3899546466929853,0.3516461751747502,True,A. thaliana,OMalley2016,NUC,C2H2 ZF,.
32,M06867_2.00,22,160,4425,27655,0.06670735267959653,-0.21870549450449964,-0.2571596711324054,0.3516461751747502,True,A. thaliana,OMalley2016,DOF5.6,Dof,.
33,M07009_2.00,4,160,344,27655,0.08930933871261322,1.0070598720138273,1.0565096601388855,0.3516461751747502,True,A. thaliana,OMalley2016,RVE7,Myb/SANT,MYB-related
34,M07327_2.00,6,160,766,27655,0.12683912976031134,0.43708654551212417,0.3919559375468943,0.3516461751747502,True,A. thaliana,OMalley2016,ZHD6,Homeodomain,HD-ZF
35,M07261_2.00,1,160,21,27655,0.10825891278982537,3.041007203937165,2.9362029616674414,0.3516461751747502,True,A. thaliana,OMalley2016,SPL5,SBP,.
36,M06828_2.00,2,160,76,27655,0.06200617691449799,2.1853971132723395,2.6390091632499932,0.3516461751747502,True,A. thaliana,OMalley2016,EICBP.B,CG-1,.
37,M02329_2.00,1,160,24,27655,0.12160100909887442,2.848362125994769,2.6064302824728434,0.3516461751747502,True,Oryza sativa,Zoo_01,PHR1,Myb/SANT,G2-like
38,M07279_2.00,2,160,54,27655,0.03532659331363514,2.678437124552457,3.888818150625137,0.3516461751747502,True,A. thaliana,OMalley2016,TCP22,TCP,.
39,M06767_2.00,3,160,209,27655,0.0878262139519045,1.3109279953561985,1.3848326604218864,0.3516461751747502,True,A. thaliana,OMalley2016,ABI5,bZIP,.
40,M07036_2.00,2,160,96,27655,0.088436830282064,1.8483621259947691,1.947003356355943,0.3516461751747502,True,A. thaliana,OMalley2016,ATY13,Myb/SANT,R2R3-MYB
41,M06824_2.00,5,160,597,27655,0.13087417877721932,0.5336656003384824,0.4713046565321494,0.3516461751747502,True,A. thaliana,OMalley2016,IDD1,C2H2 ZF,.
42,M06706_2.00,4,160,258,27655,0.045941603844791505,1.422097371292671,1.9024731137684807,0.3516461751747502,True,A. thaliana,OMalley2016,FUS3,B3,FUS
43,M06702_2.00,31,160,6378,27655,0.0419883363879343,-0.25136744514946047,-0.34610062905505984,0.3516461751747502,True,A. thaliana,OMalley2016,REM19,B3,REM
44,M07364_2.00,4,160,307,27655,0.06986848208845158,1.171229781345746,1.3536121507028789,0.3516461751747502,True,A. thaliana,OMalley2016,AT5G63260,C3H,.
45,M01710_2.00,1,160,15,27655,0.080051602262738,3.526434031107407,3.867193249588756,0.3516461751747502,True,A. thaliana,Zoo_01,BIM1,bHLH,.
46,M01826_2.00,3,160,182,27655,0.06756178127536201,1.510492487238385,1.7677277094421562,0.3516461751747502,True,Oryza sativa,Zoo_01,OS02G0728001,bZIP,.
47,M06742_2.00,1,160,24,27655,0.12160100909887442,2.848362125994769,2.6064302824728434,0.3516461751747502,True,A. thaliana,OMalley2016,BHLH28,bHLH,.
48,M02652_2.00,4,160,390,27655,0.11357624182836026,0.8259943129663146,0.7803271573161286,0.3516461751747502,True,Pisum sativum,JASPAR,HMG-I Y,AT hook,.
49,M06892_2.00,4,160,329,27655,0.081358866440016,1.0713808529806836,1.1673713394248728,0.3516461751747502,True,A. thaliana,OMalley2016,ZIM,GATA,.
50,M06854_2.00,29,160,6962,27655,0.008375677342154985,-0.47398047688018535,-0.984447999981372,0.3516461751747502,True,A. thaliana,OMalley2016,OBP3,Dof,.
51,M07157_2.00,1,160,820,27655,0.03927852288115744,-2.2461554727895208,-3.157746109952906,0.3516461751747502,True,A. thaliana,OMalley2016,TRB2,Myb/SANT,MYB-related
52,M06753_2.00,1,160,19,27655,0.09908543012491285,3.1853971132723395,3.198107488114145,0.3516461751747502,True,A. thaliana,OMalley2016,VIP1,bZIP,.
53,M07280_2.00,2,160,52,27655,0.03311249000236493,2.732884908574833,4.044691964542355,0.3516461751747502,True,A. thaliana,OMalley2016,TCP22,TCP,.
54,M06908_2.00,4,160,326,27655,0.07977687449442426,1.0845964724848478,1.191020313197055,0.3516461751747502,True,A. thaliana,OMalley2016,ATHB-21,Homeodomain,HD-ZIP
55,M08404_2.00,2,160,88,27655,0.07773441259153378,1.973893008078628,2.1898106087005673,0.3516461751747502,True,A. thaliana,JASPAR,PIF1,bHLH,.
56,M06734_2.00,2,160,116,27655,0.11530178860891349,1.5753436315883533,1.4779306129943817,0.3516461751747502,True,A. thaliana,OMalley2016,BHLH34,bHLH,.
57,M06993_2.00,4,160,435,27655,0.13597221731001402,0.6684530359798347,0.5792478582191436,0.3516461751747502,True,A. thaliana,OMalley2016,AGL15,MADS box,.
58,M02290_2.00,1,160,24,27655,0.12160100909887442,2.848362125994769,2.6064302824728434,0.3516461751747502,True,A. thaliana,Zoo_01,HHO2,Myb/SANT,G2-like
59,M06838_2.00,26,160,4313,27655,0.08328375839501032,0.05928834412251706,0.06399819146782255,0.3516461751747502,True,A. thaliana,OMalley2016,CDF5,Dof,.
60,M06704_2.00,10,160,3178,27655,0.010082839241486867,-0.8786506877452314,-1.7541533080673593,0.3516461751747502,True,A. thaliana,OMalley2016,VRN1,B3,REM
61,M02354_2.00,1,160,21,27655,0.10825891278982537,3.041007203937165,2.9362029616674414,0.3516461751747502,True,C. sativa,Zoo_01,PK19779.1,Myb/SANT,G2-like
62,M07265_2.00,1,160,27,27655,0.13445298651361767,2.678437124552457,2.3340692491599073,0.3516461751747502,True,A. thaliana,OMalley2016,SPL13A,SBP,.
63,M07019_2.00,2,160,98,27655,0.09112592817556092,1.818614782600717,1.8920105018044808,0.3516461751747502,True,A. thaliana,OMalley2016,KAN2,Myb/SANT,G2-like
64,M06569_2.00,2,160,76,27655,0.06200617691449799,2.1853971132723395,2.6390091632499932,0.3516461751747502,True,A. thaliana,OMalley2016,ERF017,AP2,DREB
65,M07286_2.00,2,160,41,27655,0.021811209305469207,3.0757726220978414,5.109843355743901,0.3516461751747502,True,A. thaliana,OMalley2016,TCP20,TCP,.
66,M07324_2.00,3,160,183,27655,0.06829528061116978,1.502587289153039,1.7514297276241435,0.3516461751747502,True,A. thaliana,OMalley2016,AGL95,MADS box,.
67,M07400_2.00,3,160,202,27655,0.0825009847835688,1.3600756446852864,1.4736975437820308,0.3516461751747502,True,A. thaliana,OMalley2016,WRKY22,WRKY,.
68,M02044_2.00,2,160,34,27655,0.015533545753413203,3.345861785465586,6.05175857651079,0.3516461751747502,True,A. thaliana,Zoo_01,HAT3.1,Homeodomain,HD-PHD
69,M06973_2.00,4,160,278,27655,0.05533794048753224,1.3143835539924178,1.652149907107375,0.3516461751747502,True,A. thaliana,OMalley2016,ASIL2,Trihelix,MADF
70,M07094_2.00,3,160,97,27655,0.016393711200611987,2.4183742852499535,4.317578556725781,0.3516461751747502,True,A. thaliana,OMalley2016,MYB94,Myb/SANT,R2R3-MYB
71,M07295_2.00,4,160,1319,27655,0.06625604593072547,-0.9319042225356196,-1.0985049207112767,0.3516461751747502,True,A. thaliana,OMalley2016,AT2G20110,TCR/CxC,.
72,M06798_2.00,6,160,565,27655,0.06406729212214476,0.8761800701345315,1.0456014304106673,0.3516461751747502,True,A. thaliana,OMalley2016,AT1G14580,C2H2 ZF,.
73,M07247_2.00,3,160,158,27655,0.05059042065311328,1.7145063792599784,2.221883182973871,0.3516461751747502,True,A. thaliana,OMalley2016,AT2G01818,PLATZ,.
74,M11457_2.00,2,160,78,27655,0.06458845327115288,2.147922407853677,2.5556949856259448,0.3516461751747502,True,Nicotiana tabacum,Transfac,Q9SXJ0_TOBAC,Unknown,.
75,M06803_2.00,7,160,619,27655,0.04093333270419495,0.9668839495592645,1.341960370004467,0.3516461751747502,True,A. thaliana,OMalley2016,IDD7,C2H2 ZF,.
76,M00859_2.00,1,160,25,27655,0.12593882030189132,2.7894684369412004,2.51007633592953,0.3516461751747502,True,A. thaliana,Franco_Zorrilla2014,AT4G35610,C2H2 ZF,.
77,M06855_2.00,28,160,4720,27655,0.08212206283653897,0.036108404524325524,0.03919712286560237,0.3516461751747502,True,A. thaliana,OMalley2016,OBP3,Dof,.
78,M07259_2.00,1,160,24,27655,0.12160100909887442,2.848362125994769,2.6064302824728434,0.3516461751747502,True,A. thaliana,OMalley2016,SPL1,SBP,.
79,M02715_2.00,1,160,25,27655,0.12593882030189132,2.7894684369412004,2.51007633592953,0.3516461751747502,True,A. thaliana,JASPAR,SPL3,SBP,.
80,M07293_2.00,2,160,46,27655,0.026751310727506087,2.909762670658912,4.576052621070773,0.3516461751747502,True,A. thaliana,OMalley2016,TCP21,TCP,.
81,M07424_2.00,6,160,421,27655,0.024639996303211696,1.3006107043706854,2.091849402257191,0.3516461751747502,True,A. thaliana,OMalley2016,WRKY50,WRKY,.
82,M07237_2.00,4,160,243,27655,0.039328887787193956,1.5085121231101442,2.119894490076229,0.3516461751747502,True,A. thaliana,OMalley2016,anac096,NAC/NAM,.
83,M07276_2.00,2,160,39,27655,0.019937373191929317,3.147922407853677,5.352513398263777,0.3516461751747502,True,A. thaliana,OMalley2016,TCP1,TCP,.
84,M06577_2.00,2,160,90,27655,0.08039910067516305,1.9414715303862504,2.125423645863936,0.3516461751747502,True,A. thaliana,OMalley2016,ERF055,AP2,DREB
85,M06851_2.00,28,160,4681,27655,0.08146162340255464,0.04807849906157509,0.052359742251791894,0.3516461751747502,True,A. thaliana,OMalley2016,DOF3.4,Dof,.
86,M09780_2.00,2,160,51,27655,0.03202222174836981,2.7608992847444296,4.126297993411818,0.3516461751747502,True,A. thaliana,Transfac,PIF3,bHLH,.
87,M06914_2.00,2,160,116,27655,0.11530178860891349,1.5753436315883533,1.4779306129943817,0.3516461751747502,True,A. thaliana,OMalley2016,HAT5,Homeodomain,HD-ZIP
88,M07037_2.00,2,160,63,27655,0.04578487396141745,2.456044703216009,3.2893265815943105,0.3516461751747502,True,A. thaliana,OMalley2016,AT1G74840,Myb/SANT,MYB-related
89,M07005_2.00,2,160,110,27655,0.10727305573026216,1.6519649131912655,1.6015954260576268,0.3516461751747502,True,A. thaliana,OMalley2016,MYB58,Myb/SANT,R2R3-MYB
90,M07120_2.00,2,160,52,27655,0.03311249000236493,2.732884908574833,4.044691964542355,0.3516461751747502,True,A. thaliana,OMalley2016,MYB33,Myb/SANT,R2R3-MYB
91,M07034_2.00,8,160,1222,27655,0.13505892019212157,0.1782960568971958,0.1550242719566565,0.3516461751747502,True,A. thaliana,OMalley2016,AT1G72740,Myb/SANT,MYB-related
92,M07168_2.00,2,160,96,27655,0.088436830282064,1.8483621259947691,1.947003356355943,0.3516461751747502,True,A. thaliana,OMalley2016,NAC010,NAC/NAM,.
93,M07133_2.00,2,160,81,27655,0.06849487343023115,2.0934746238313005,2.437520289175854,0.3516461751747502,True,A. thaliana,OMalley2016,MYB23,Myb/SANT,R2R3-MYB
94,M07285_2.00,2,160,68,27655,0.05189223277488117,2.345861785465586,3.0141922776565218,0.3516461751747502,True,A. thaliana,OMalley2016,TCP20,TCP,.
95,M06568_2.00,2,160,79,27655,0.06588640977062914,2.1295438785388225,2.515426081916627,0.3516461751747502,True,A. thaliana,OMalley2016,ERF017,AP2,DREB
96,M01773_2.00,2,160,129,27655,0.13243037357298632,1.422097371292671,1.2486191200944825,0.3516461751747502,True,A. thaliana,Zoo_01,ABF1,bZIP,.
97,M06754_2.00,1,160,21,27655,0.10825891278982537,3.041007203937165,2.9362029616674414,0.3516461751747502,True,A. thaliana,OMalley2016,VIP1,bZIP,.
98,M06942_2.00,3,160,177,27655,0.06392138170850536,1.5506815773540839,1.8520625058223255,0.3516461751747502,True,A. thaliana,OMalley2016,HSFA6B,HSF,.
99,M01084_2.00,1,160,12,27655,0.0651592370123013,3.848362125994769,4.564249879613107,0.3516461751747502,True,A. thaliana,Stam_Arabidopsis,SPL10,SBP,.
100,M07350_2.00,6,160,1426,27655,0.11471826503619498,-0.45947113900680664,-0.43207169403809065,0.3516461751747502,True,A. thaliana,OMalley2016,FRS9,FAR1,.
101,M01784_2.00,1,160,27,27655,0.13445298651361767,2.678437124552457,2.3340692491599073,0.3516461751747502,True,A. thaliana,Zoo_01,TGA2,bZIP,.
102,M06696_2.00,6,160,800,27655,0.13549389612541526,0.37443093766235674,0.3250361090553829,0.3516461751747502,True,A. thaliana,OMalley2016,HMGB15,HMGBox,.
103,1.ANAC55.1MEME,2,160,57,27655,0.038727106133678066,2.6004346125511835,3.671774547484018,0.3516461751747502,True,.,.,1.ANAC55.1MEME,.,.
104,1.FDP-MEME,5,160,218,27655,0.007169649988329245,1.9870683968263612,4.261272241396882,0.3516461751747502,True,.,.,1.FDP-MEME,.,.
105,1.WRKY33.1MEME,5,160,513,27655,0.09899662824839625,0.7524377059962336,0.7557330798393012,0.3516461751747502,True,.,.,1.WRKY33.1MEME,.,.
106,2.HSF6A-MEME,3,160,155,27655,0.048572523694237285,1.7421627221628437,2.288521208299147,0.3516461751747502,True,.,.,2.HSF6A-MEME,.,.
107,1.ABF4-MEME,4,160,236,27655,0.03638824115136315,1.550681577354084,2.2314911668476527,0.3516461751747502,True,.,.,1.ABF4-MEME,.,.
108,M07122_2.00,2,160,82,27655,0.06980495525339098,2.0757726220978414,2.3998292639787446,0.3516461751747502,True,A. thaliana,OMalley2016,SRM1,Myb/SANT,MYB-related
109,M07300_2.00,7,160,947,27655,0.12487022569279492,0.35345893330514433,0.3193646745803117,0.3516461751747502,True,A. thaliana,OMalley2016,TCX2,TCR/CxC,.
110,M02302_2.00,1,160,24,27655,0.12160100909887442,2.848362125994769,2.6064302824728434,0.3516461751747502,True,A. thaliana,Zoo_01,PHR1,Myb/SANT,G2-like
111,M07277_2.00,2,160,42,27655,0.022770731904569914,3.041007203937165,4.995228406520641,0.3516461751747502,True,A. thaliana,OMalley2016,TCP15,TCP,.
112,M07281_2.00,2,160,39,27655,0.019937373191929317,3.147922407853677,5.352513398263777,0.3516461751747502,True,A. thaliana,OMalley2016,TCP9,TCP,.
113,M06743_2.00,2,160,96,27655,0.088436830282064,1.8483621259947691,1.947003356355943,0.3516461751747502,True,A. thaliana,OMalley2016,BHLH72,bHLH,.
114,M06897_2.00,2,160,735,27655,0.1271151045675026,-1.0882758130078014,-0.9748805650233686,0.3516461751747502,True,A. thaliana,OMalley2016,GATA16,GATA,.
115,M07219_2.00,4,160,197,27655,0.021955239847165627,1.811272807259549,3.003926785830172,0.3516461751747502,True,A. thaliana,OMalley2016,anac071,NAC/NAM,.
116,M06804_2.00,11,160,1585,27655,0.10328922994274144,0.2624891203264531,0.25879982534058543,0.3516461751747502,True,A. thaliana,OMalley2016,TFIIIA,C2H2 ZF,.
117,M06863_2.00,30,160,5571,27655,0.07317585755888367,-0.10350537833213323,-0.11754403836479607,0.3516461751747502,True,A. thaliana,OMalley2016,DOF5.1,Dof,.
118,M06715_2.00,29,160,3963,27655,0.03387326017644966,0.3389283698755134,0.49827317118580555,0.3516461751747502,True,A. thaliana,OMalley2016,BPC1,BBR,.
119,M06713_2.00,9,160,1778,27655,0.12425698535737766,-0.1927899806715322,-0.174605872988526,0.3516461751747502,True,A. thaliana,OMalley2016,AT5G60130,B3,REM
120,M07172_2.00,2,160,92,27655,0.08307202737224956,1.9097626706589124,2.06358486868453,0.3516461751747502,True,A. thaliana,OMalley2016,anac016,NAC/NAM,.
121,M06947_2.00,3,160,157,27655,0.04991483208702894,1.7236663785454542,2.2438178460906046,0.3516461751747502,True,A. thaliana,OMalley2016,HSFA4A,HSF,.
122,M02714_2.00,3,160,209,27655,0.0878262139519045,1.3109279953561985,1.3848326604218864,0.3516461751747502,True,A. thaliana,JASPAR,SPL8,SBP,.
123,M07139_2.00,4,160,431,27655,0.13406949136149296,0.6817805676268271,0.5949694740369375,0.3516461751747502,True,A. thaliana,OMalley2016,RVE6,Myb/SANT,MYB-related
124,M01057_2.00,5,160,186,27655,0.003854665246796359,2.2160939104952564,5.349680244221166,0.3516461751747502,True,A. thaliana,Stam_Arabidopsis,ABF4,bZIP,.
125,M07090_2.00,2,160,67,27655,0.050656104613305754,2.3672354362581527,3.066441529539742,0.3516461751747502,True,A. thaliana,OMalley2016,MYB30,Myb/SANT,R2R3-MYB
126,M06850_2.00,15,160,2604,27655,0.10789232898353476,-0.00629851084119175,-0.006090719391247298,0.3516461751747502,True,A. thaliana,OMalley2016,CDF3,Dof,.
127,M06822_2.00,8,160,713,27655,0.03267195180469342,0.9555663602720372,1.4198043110281593,0.3516461751747502,True,A. thaliana,OMalley2016,NUC,C2H2 ZF,.
128,M07351_2.00,2,160,101,27655,0.0951641963764314,1.7751131439641306,1.8133249670426894,0.3516461751747502,True,A. thaliana,OMalley2016,GT-3A,Trihelix,.
129,M06716_2.00,28,160,3403,27655,0.013566346006448732,0.5080881128085208,0.9488734061000497,0.3516461751747502,True,A. thaliana,OMalley2016,BPC1,BBR,.
130,M07418_2.00,2,160,129,27655,0.13243037357298632,1.422097371292671,1.2486191200944825,0.3516461751747502,True,A. thaliana,OMalley2016,WRKY26,WRKY,.
131,M06719_2.00,27,160,3512,27655,0.026298870736724093,0.4101349993440357,0.6480390962688066,0.3516461751747502,True,A. thaliana,OMalley2016,BPC6,BBR,.
132,M06944_2.00,3,160,180,27655,0.06610005994425917,1.5264340311074065,1.800884040906753,0.3516461751747502,True,A. thaliana,OMalley2016,HSFC1,HSF,.
133,M07336_2.00,13,160,2568,27655,0.10058402955149286,-0.19266514226528564,-0.1921778863134195,0.3516461751747502,True,A. thaliana,OMalley2016,MIP1B,Unknown,.
134,M08407_2.00,3,160,176,27655,0.0631990533397173,1.5588555087997842,1.869518929889001,0.3516461751747502,True,A. thaliana,JASPAR,HY5,bZIP,.
135,M07335_2.00,7,160,590,27655,0.03442816952215996,1.0361084045243256,1.5159157708327704,0.3516461751747502,True,A. thaliana,OMalley2016,AtIDD11,C2H2 ZF,.
136,M01635_2.00,1,160,18,27655,0.09441358366185554,3.2633996252736126,3.3448720857718968,0.3516461751747502,True,Oryza sativa,Zoo_01,DREB1G,AP2,DREB
137,M07411_2.00,3,160,193,27655,0.07571583683568685,1.425830090169001,1.5980892905701065,0.3516461751747502,True,A. thaliana,OMalley2016,WRKY29,WRKY,.
138,M06720_2.00,2,160,95,27655,0.08709369981827725,1.8634690183849774,1.9753018687866772,0.3516461751747502,True,A. thaliana,OMalley2016,BHLH74,bHLH,.
139,M09540_2.00,2,160,60,27655,0.04221576303528616,2.526434031107407,3.4726476375281505,0.3516461751747502,True,A. thaliana,HOMER,FHY3,FAR1,.
140,M07299_2.00,5,160,1192,27655,0.13210198130299,-0.4639157988588741,-0.4078240498230059,0.3516461751747502,True,A. thaliana,OMalley2016,TSO1,TCR/CxC,.
141,M01788_2.00,1,160,27,27655,0.13445298651361767,2.678437124552457,2.3340692491599073,0.3516461751747502,True,A. thaliana,Zoo_01,TGA1,bZIP,.
142,M07142_2.00,2,160,124,27655,0.12589647676736956,1.4791283163290498,1.3311954033419278,0.3516461751747502,True,A. thaliana,OMalley2016,MYB80,Myb/SANT,R2R3-MYB
143,M06809_2.00,6,160,701,27655,0.10797843702736103,0.5650164934264581,0.5461805177758938,0.3516461751747502,True,A. thaliana,OMalley2016,IDD4,C2H2 ZF,.
144,M07006_2.00,4,160,160,27655,0.01170965602327297,2.111396531828563,4.078069209140818,0.3516461751747502,True,A. thaliana,OMalley2016,MYB58,Myb/SANT,R2R3-MYB
145,M06741_2.00,3,160,118,27655,0.026321500834527257,2.13564407807524,3.3736542080218044,0.3516461751747502,True,A. thaliana,OMalley2016,BIM3,bHLH,.
146,M07428_2.00,3,160,254,27655,0.12206581457844266,1.0296024406649154,0.9404449916940203,0.3516461751747502,True,A. thaliana,OMalley2016,WRKY8,WRKY,.
147,M07071_2.00,6,160,506,27655,0.04611171563714604,1.0352935527427711,1.3833475661066552,0.3516461751747502,True,A. thaliana,OMalley2016,RVE7L,Myb/SANT,MYB-related
148,M07362_2.00,7,160,412,27655,0.007503967149457466,1.5541790215903108,3.302178272684789,0.3516461751747502,True,A. thaliana,OMalley2016,AT5G59990,Unknown,.
149,M06866_2.00,14,160,2602,27655,0.10669070731828728,-0.10472569794426616,-0.10178012072084905,0.3516461751747502,True,A. thaliana,OMalley2016,DOF5.4,Dof,.
150,M06999_2.00,2,160,114,27655,0.11263178272992273,1.6004346125511835,1.5177546269977777,0.3516461751747502,True,A. thaliana,OMalley2016,ATMYB13,Myb/SANT,R2R3-MYB
151,M06881_2.00,2,160,110,27655,0.10727305573026216,1.6519649131912655,1.6015954260576268,0.3516461751747502,True,A. thaliana,OMalley2016,FAR1,FAR1,.
152,M01056_2.00,3,160,183,27655,0.06829528061116978,1.502587289153039,1.7514297276241435,0.3516461751747502,True,A. thaliana,Stam_Arabidopsis,ABF4,bZIP,.
153,M06886_2.00,2,160,848,27655,0.08689711075841017,-1.2945958278472738,-1.3735592643032954,0.3516461751747502,True,A. thaliana,OMalley2016,GATA15,GATA,.
154,M07158_2.00,1,160,1041,27655,0.013336969861872822,-2.590429726583492,-4.856907643048617,0.3516461751747502,True,A. thaliana,OMalley2016,TRB2,Myb/SANT,MYB-related
155,M06727_2.00,2,160,102,27655,0.09651087647431596,1.7608992847444296,1.7880589379479002,0.3516461751747502,True,A. thaliana,OMalley2016,BIM2,bHLH,.
156,M07282_2.00,3,160,53,27655,0.0033484765092884087,3.290366672873882,8.144160097293632,0.3516461751747502,True,A. thaliana,OMalley2016,TCP9,TCP,.
157,M01155_2.00,1,160,27,27655,0.13445298651361767,2.678437124552457,2.3340692491599073,0.3516461751747502,True,C. sativa,TF_Evolution,PK09021.1,bZIP,.
158,M07292_2.00,3,160,53,27655,0.0033484765092884087,3.290366672873882,8.144160097293632,0.3516461751747502,True,A. thaliana,OMalley2016,TCP21,TCP,.
159,M07354_2.00,7,160,1654,27655,0.1018770534903562,-0.4510639703977455,-0.4474210083006162,0.3516461751747502,True,A. thaliana,OMalley2016,ZHD10,Homeodomain,HD-ZF
160,M01968_2.00,1,160,3,27655,0.01715769781815937,5.848362125994769,10.325523030019465,0.3516461751747502,True,P. patens,Zoo_01,e_gw1.38.2.1,E2F,.
161,M06832_2.00,29,160,3772,27655,0.02309637358441542,0.4101916611684007,0.6712606888902305,0.3516461751747502,True,A. thaliana,OMalley2016,DOF1.6,Dof,.
162,1.HSF1b-NS,22,160,4232,27655,0.07841286234577624,-0.1543676667608032,-0.1706708516940103,0.3516461751747502,True,.,.,1.HSF1b-NS,.,.
163,M07128_2.00,5,160,504,27655,0.09537074753754259,0.777972798103371,0.7939872228687149,0.3516461751747502,True,A. thaliana,OMalley2016,RVE1,Myb/SANT,MYB-related
164,M01157_2.00,1,160,10,27655,0.05492941064042026,4.111396531828563,5.18116160187661,0.3516461751747502,True,C. sativa,TF_Evolution,PK16335.1,bZIP,.
165,M06833_2.00,28,160,4751,27655,0.08251484201312327,0.026664057362685303,0.0288896509698848,0.3516461751747502,True,A. thaliana,OMalley2016,DOF1.7,Dof,.
166,M06862_2.00,4,160,307,27655,0.06986848208845158,1.171229781345746,1.3536121507028789,0.3516461751747502,True,A. thaliana,OMalley2016,DOF4.7,Dof,.
167,M01771_2.00,3,160,136,27655,0.03647969254794193,1.930824286186742,2.776426524370906,0.3516461751747502,True,A. thaliana,Zoo_01,ABF2,bZIP,.
168,M07069_2.00,4,160,431,27655,0.13406949136149296,0.6817805676268271,0.5949694740369375,0.3516461751747502,True,A. thaliana,OMalley2016,RVE8,Myb/SANT,MYB-related
169,M07309_2.00,2,160,128,27655,0.13112985110091022,1.4333246267159254,1.264620070606108,0.3516461751747502,True,A. thaliana,OMalley2016,AT1G24250,Unknown,.
170,M06893_2.00,2,160,59,27655,0.04104356452514894,2.550681577354084,3.5371702495264645,0.3516461751747502,True,A. thaliana,OMalley2016,GATA19,GATA,.
171,M07132_2.00,3,160,122,27655,0.02845626993131081,2.087549789874195,3.226980450067354,0.3516461751747502,True,A. thaliana,OMalley2016,PHL1,Myb/SANT,G2-like
172,M07153_2.00,2,160,118,27655,0.1179642120569083,1.550681577354084,1.4394197536745914,0.3516461751747502,True,A. thaliana,OMalley2016,MYB96,Myb/SANT,R2R3-MYB
173,M07215_2.00,11,160,3231,27655,0.015538286381659343,-0.765008789912141,-1.383592509428202,0.3516461751747502,True,A. thaliana,OMalley2016,NAC68,NAC/NAM,.
174,M06835_2.00,15,160,2871,27655,0.09857551779086737,-0.14712239288273804,-0.1480391026579184,0.3516461751747502,True,A. thaliana,OMalley2016,DOF1.8,Dof,.
175,M07106_2.00,2,160,92,27655,0.08307202737224956,1.9097626706589124,2.06358486868453,0.3516461751747502,True,A. thaliana,OMalley2016,MYB39,Myb/SANT,R2R3-MYB
176,M07262_2.00,1,160,12,27655,0.0651592370123013,3.848362125994769,4.564249879613107,0.3516461751747502,True,A. thaliana,OMalley2016,SPL5,SBP,.
177,M06978_2.00,4,160,257,27655,0.04548833449962332,1.4277000775220472,1.9161162227113613,0.3516461751747502,True,A. thaliana,OMalley2016,AT5G05550,Trihelix,MADF
178,M08101_2.00,20,160,2906,27655,0.06902996355185756,0.2504337339704462,0.2907441377924583,0.3516461751747502,True,Zea mays,JASPAR,RAMOSA1,C2H2 ZF,.
179,M06864_2.00,10,160,2283,27655,0.08150534169336697,-0.40146242262141413,-0.4371178771403025,0.3516461751747502,True,A. thaliana,OMalley2016,DOF5.1,Dof,.
180,M07193_2.00,3,160,71,27655,0.007372212993262234,2.8685400079323995,6.116880811182479,0.3516461751747502,True,A. thaliana,OMalley2016,NAC043,NAC/NAM,.
181,M06839_2.00,22,160,4454,27655,0.06481072232361733,-0.22812959743456718,-0.2710985230398717,0.3516461751747502,True,A. thaliana,OMalley2016,DOF2.2,Dof,.
182,M06829_2.00,16,160,3376,27655,0.0712118655064149,-0.28777456199125984,-0.33020624116187824,0.3516461751747502,True,A. thaliana,OMalley2016,DOF1.5,Dof,.
183,M06992_2.00,4,160,412,27655,0.12477613085544381,0.7468240995327069,0.6750307677052211,0.3516461751747502,True,A. thaliana,OMalley2016,AGL15,MADS box,.
184,M06924_2.00,4,160,311,27655,0.0719351472256019,1.1525538565853228,1.3174369010994607,0.3516461751747502,True,A. thaliana,OMalley2016,HB-5,Homeodomain,HD-ZIP
185,M06853_2.00,14,160,2710,27655,0.10029396785127462,-0.16339758746770483,-0.16318928604956887,0.3516461751747502,True,A. thaliana,OMalley2016,AT3G52440,Dof,.
186,M07047_2.00,3,160,128,27655,0.03179311990957402,2.0182871274370813,3.0227217285479093,0.3516461751747502,True,A. thaliana,OMalley2016,AT2G20400,Myb/SANT,G2-like
187,M06796_2.00,7,160,591,27655,0.03464387868943385,1.0336652285959969,1.5095372982179036,0.3516461751747502,True,A. thaliana,OMalley2016,MGP,C2H2 ZF,.
188,M07294_2.00,2,160,57,27655,0.038727106133678066,2.6004346125511835,3.671774547484018,0.3516461751747502,True,A. thaliana,OMalley2016,TCP7,TCP,.
189,M07296_2.00,8,160,962,27655,0.08803130986617212,0.5234315429458833,0.5524101976098332,0.3516461751747502,True,A. thaliana,OMalley2016,AT2G20110,TCR/CxC,.
190,M06825_2.00,7,160,668,27655,0.05295264870508648,0.8569752562994769,1.093596675207482,0.3516461751747502,True,A. thaliana,OMalley2016,IDD1,C2H2 ZF,.
191,M06837_2.00,41,160,7019,27655,0.0721127369241097,0.013826842895177573,0.015790088956902173,0.3516461751747502,True,A. thaliana,OMalley2016,CDF5,Dof,.
192,M06739_2.00,2,160,95,27655,0.08709369981827725,1.8634690183849774,1.9753018687866772,0.3516461751747502,True,A. thaliana,OMalley2016,BIM1,bHLH,.
193,M07425_2.00,2,160,117,27655,0.1166340093322309,1.5629599071325206,1.4585147910920606,0.3516461751747502,True,A. thaliana,OMalley2016,WRKY50,WRKY,.
194,M07406_2.00,3,160,242,27655,0.11303743555011786,1.0994238901624869,1.0409100261976776,0.3516461751747502,True,A. thaliana,OMalley2016,WRKY28,WRKY,.
195,M06894_2.00,2,160,66,27655,0.049427046837633486,2.388930507357472,3.1200276601228394,0.3516461751747502,True,A. thaliana,OMalley2016,GATA19,GATA,.
196,M06904_2.00,2,160,44,27655,0.02473321625720977,2.973893008078628,4.778211605050874,0.3516461751747502,True,A. thaliana,OMalley2016,HDG11,Homeodomain,HD-GL2
197,M02289_2.00,1,160,24,27655,0.12160100909887442,2.848362125994769,2.6064302824728434,0.3516461751747502,True,A. thaliana,Zoo_01,HHO3,Myb/SANT,G2-like
198,M06740_2.00,2,160,123,27655,0.1245808299998227,1.4908101213766853,1.3485104765548506,0.3516461751747502,True,A. thaliana,OMalley2016,BIM1,bHLH,.
199,M06611_2.00,5,160,437,27655,0.06834718804308863,0.9837632521026891,1.1463590015667449,0.3516461751747502,True,A. thaliana,OMalley2016,DREB2C,AP2,DREB
200,M07046_2.00,3,160,133,27655,0.03469160938397733,1.9630046919358919,2.865546258271664,0.3516461751747502,True,A. thaliana,OMalley2016,AT2G20400,Myb/SANT,G2-like
201,M06703_2.00,21,160,4667,27655,0.03942871897940986,-0.3626377024694579,-0.5092112681748878,0.3516461751747502,True,A. thaliana,OMalley2016,REM19,B3,REM
202,M06869_2.00,21,160,3599,27655,0.09321475931318171,0.012261662569958046,0.012635831095940384,0.3516461751747502,True,A. thaliana,OMalley2016,DOF5.8,Dof,.
203,M01774_2.00,1,160,27,27655,0.13445298651361767,2.678437124552457,2.3340692491599073,0.3516461751747502,True,A. thaliana,Zoo_01,TGA7,bZIP,.
204,M06578_2.00,2,160,81,27655,0.06849487343023115,2.0934746238313005,2.437520289175854,0.3516461751747502,True,A. thaliana,OMalley2016,ERF055,AP2,DREB
205,M06795_2.00,8,160,828,27655,0.056612984405972865,0.7398376692166,0.9226396830893184,0.3516461751747502,True,A. thaliana,OMalley2016,MGP,C2H2 ZF,.
206,M07253_2.00,1,160,24,27655,0.12160100909887442,2.848362125994769,2.6064302824728434,0.3516461751747502,True,A. thaliana,OMalley2016,SPL14,SBP,.
207,M01309_2.00,1,160,15,27655,0.080051602262738,3.526434031107407,3.867193249588756,0.3516461751747502,True,A. thaliana,TF_Evolution,AT3G04930,Storekeeper,.
208,M06797_2.00,8,160,888,27655,0.07059124427131175,0.6389087603658193,0.7355431755901397,0.3516461751747502,True,A. thaliana,OMalley2016,AT1G14580,C2H2 ZF,.
209,M06593_2.00,4,160,429,27655,0.1331107010939311,0.6884907892163797,0.6029713028705982,0.3516461751747502,True,A. thaliana,OMalley2016,ERF021,AP2,DREB
210,M06979_2.00,3,160,259,27655,0.1257804805247523,1.0014788397505274,0.9017182781672306,0.3516461751747502,True,A. thaliana,OMalley2016,AT5G05550,Trihelix,MADF
211,M01133_2.00,2,160,111,27655,0.10861475272202833,1.6389087603658195,1.5800902624741269,0.3516461751747502,True,A. thaliana,TF_Evolution,DPBF3,bZIP,.
212,M06808_2.00,6,160,437,27655,0.0281833660418578,1.2467976579364828,1.932545270391087,0.3516461751747502,True,A. thaliana,OMalley2016,IDD5,C2H2 ZF,.
213,M07346_2.00,7,160,393,27655,0.005985933293080847,1.6222940465149225,3.606145728982044,0.3516461751747502,True,A. thaliana,OMalley2016,AT4G27900,Unknown,.
214,M06815_2.00,5,160,462,27655,0.07834846657607052,0.9035036801872299,0.9992475125717992,0.3516461751747502,True,A. thaliana,OMalley2016,IDD2,C2H2 ZF,.
215,M07337_2.00,5,160,531,27655,0.10617211874481214,0.7026846707991339,0.6844075023293336,0.3516461751747502,True,A. thaliana,OMalley2016,ZHD9,Homeodomain,HD-ZF
216,M08144_2.00,8,160,864,27655,0.06493878778825332,0.6784371245524569,0.8056412513064618,0.3516461751747502,True,A. thaliana,JASPAR,AP1,MADS box,.
217,M06849_2.00,10,160,1929,27655,0.12110172974529695,-0.15838470644581595,-0.14521496324161845,0.3516461751747502,True,A. thaliana,OMalley2016,CDF3,Dof,.
218,M07214_2.00,2,160,78,27655,0.06458845327115288,2.147922407853677,2.5556949856259448,0.3516461751747502,True,A. thaliana,OMalley2016,NAC68,NAC/NAM,.
219,M07220_2.00,3,160,160,27655,0.051950226951502865,1.696359032549719,2.1788248321193864,0.3516461751747502,True,A. thaliana,OMalley2016,anac071,NAC/NAM,.
220,M06705_2.00,36,160,7376,27655,0.035968971046116065,-0.24537331227110026,-0.354336726298833,0.3516461751747502,True,A. thaliana,OMalley2016,VRN1,B3,REM
221,M07333_2.00,7,160,712,27655,0.06455502552479664,0.7649461178071315,0.9103393826797129,0.3516461751747502,True,A. thaliana,OMalley2016,AT3G12130,C3H,.
222,M06841_2.00,8,160,1264,27655,0.1389915430690377,0.12954387853882238,0.11102060966883878,0.35669178836389986,True,A. thaliana,OMalley2016,DOF2.4,Dof,.
223,M06695_2.00,6,160,1292,27655,0.13926040591960107,-0.3171032272568436,-0.27149501313787033,0.35669178836389986,True,A. thaliana,OMalley2016,ARID3,ARID/BRIGHT,.
224,M07148_2.00,1,160,532,27655,0.13981820972452522,-1.6219578087852642,-1.3858595689014266,0.35669178836389986,True,A. thaliana,OMalley2016,TRP1,Myb/SANT,MYB-related
225,M06848_2.00,8,160,1314,27655,0.1421009317863237,0.07357506639359564,0.062347737453834436,0.3582355246716765,True,A. thaliana,OMalley2016,DOF3.2,Dof,.
226,M07221_2.00,2,160,137,27655,0.14270674286827806,1.3352925437553986,1.1290639625777004,0.3582355246716765,True,A. thaliana,OMalley2016,NAC073,NAC/NAM,.
227,M06660_2.00,4,160,450,27655,0.14291974764775944,0.6195434354988882,0.5234570558758749,0.3582355246716765,True,A. thaliana,OMalley2016,SHN2,AP2,ERF
228,M08146_2.00,4,160,447,27655,0.14155499815354539,0.6291936055326074,0.5342324294689555,0.3582355246716765,True,A. thaliana,JASPAR,AP3,MADS box,.
229,M06977_2.00,3,160,286,27655,0.1451663160058716,0.858415790658692,0.7194675842840457,0.3608919375476718,True,A. thaliana,OMalley2016,AT3G58630,Trihelix,MADF
230,M07212_2.00,2,160,139,27655,0.14523699925698988,1.3143835539924178,1.1013518592837253,0.3608919375476718,True,A. thaliana,OMalley2016,NAC062,NAC/NAM,.
231,M07154_2.00,2,160,140,27655,0.1464958294516438,1.3040416097709588,1.087798569398526,0.36089530517271906,True,A. thaliana,OMalley2016,MYB96,Myb/SANT,R2R3-MYB
232,M06911_2.00,2,160,140,27655,0.1464958294516438,1.3040416097709588,1.087798569398526,0.36089530517271906,True,A. thaliana,OMalley2016,ATHB-7,Homeodomain,HD-ZIP
233,M06842_2.00,6,160,1215,27655,0.15101386430286676,-0.228453471056062,-0.18755645694525588,0.3621809984559134,True,A. thaliana,OMalley2016,DOF2.4,Dof,.
234,M06921_2.00,2,160,142,27655,0.14900049031823362,1.2835775072112432,1.0612776741049175,0.3621809984559134,True,A. thaliana,OMalley2016,PDF2,Homeodomain,HD-ZIP
235,M06805_2.00,4,160,962,27655,0.15385451004624023,-0.4765684570541166,-0.3873976227044048,0.3621809984559134,True,A. thaliana,OMalley2016,SGR5,C2H2 ZF,.
236,M08148_2.00,6,160,893,27655,0.1536953689997972,0.21577076231585826,0.175494823098822,0.3621809984559134,True,A. thaliana,JASPAR,PI,MADS box,.
237,M07058_2.00,4,160,477,27655,0.15458945056045084,0.5354791707104137,0.43417729957863016,0.3621809984559134,True,A. thaliana,OMalley2016,AT2G40260,Myb/SANT,G2-like
238,M06998_2.00,3,160,299,27655,0.1539902790918396,0.7942854532389763,0.6453622476271961,0.3621809984559134,True,A. thaliana,OMalley2016,LHY,Myb/SANT,MYB-related
239,M07379_2.00,3,160,291,27655,0.14860458182608352,0.8334117845287975,0.6900381217775053,0.3621809984559134,True,A. thaliana,OMalley2016,WRKY40,WRKY,.
240,M06937_2.00,2,160,143,27655,0.15024616423744447,1.273453289937536,1.0483024270142685,0.3621809984559134,True,A. thaliana,OMalley2016,HSFB3,HSF,.
241,M07055_2.00,3,160,298,27655,0.15332514893630358,0.7991186069749198,0.6507914891486031,0.3621809984559134,True,A. thaliana,OMalley2016,AT2G38090,Myb/SANT,MYB
242,M01132_2.00,2,160,145,27655,0.15272381856109604,1.253415536700991,1.0229039286047379,0.3621809984559134,True,A. thaliana,TF_Evolution,HYH,bZIP,.
243,M06807_2.00,6,160,868,27655,0.14965362744712896,0.2567358949926021,0.21178471363779044,0.3621809984559134,True,A. thaliana,OMalley2016,IDD5,C2H2 ZF,.
244,M07298_2.00,7,160,1207,27655,0.15280999317222357,0.003469588018507891,0.002830657291198119,0.3621809984559134,True,A. thaliana,OMalley2016,TCX3,TCR/CxC,.
245,M07256_2.00,1,160,33,27655,0.15873755116703228,2.388930507357472,1.9095207066980329,0.3632315410262976,True,A. thaliana,OMalley2016,SPL3,SBP,.
246,M07011_2.00,5,160,690,27655,0.15841020366945816,0.32480016993775623,0.25991056810515256,0.3632315410262976,True,A. thaliana,OMalley2016,AT1G18960,Myb/SANT,MYB-related
247,M06905_2.00,2,160,150,27655,0.15883469825365976,1.2045059362200443,0.9624660303713942,0.3632315410262976,True,A. thaliana,OMalley2016,WUS,Homeodomain,HD-WOX
248,M08425_2.00,5,160,686,27655,0.1574471948615107,0.33318795543047525,0.267504971996972,0.3632315410262976,True,A. thaliana,JASPAR,SOC1,MADS box,.
249,M06906_2.00,2,160,150,27655,0.15883469825365976,1.2045059362200443,0.9624660303713942,0.3632315410262976,True,A. thaliana,OMalley2016,WUS,Homeodomain,HD-WOX
250,M01845_2.00,2,160,150,27655,0.15883469825365976,1.2045059362200443,0.9624660303713942,0.3632315410262976,True,O. tauri,Zoo_01,300010311,bZIP,.
251,M07264_2.00,1,160,36,27655,0.17019489603100119,2.2633996252736126,1.7406753315100179,0.3676668324305033,True,A. thaliana,OMalley2016,SPL15,SBP,.
252,M06883_2.00,5,160,1046,27655,0.16148208653094637,-0.2754144146436538,-0.21809396796815572,0.3676668324305033,True,A. thaliana,OMalley2016,GATA28,GATA,.
253,M08045_2.00,1,160,38,27655,0.1775876263259889,2.1853971132723395,1.6403313134288962,0.3676668324305033,True,A. thaliana,JASPAR,PIF3,bHLH,.
254,M06950_2.00,2,160,160,27655,0.17067160363801237,1.111396531828563,0.8533733024626016,0.3676668324305033,True,A. thaliana,OMalley2016,HSFA6A,HSF,.
255,M06710_2.00,3,160,732,27655,0.1843258871944328,-0.49741271084696115,-0.3653066930255843,0.3676668324305033,True,A. thaliana,OMalley2016,AT5G18090,AP2,B3
256,M06986_2.00,2,160,606,27655,0.18426072856432518,-0.8098493567570259,-0.5948887873526623,0.3676668324305033,True,A. thaliana,OMalley2016,AGL6,MADS box,.
257,M06845_2.00,6,160,1034,27655,0.16419139734701987,0.0042666571221466635,0.0033478308087912085,0.3676668324305033,True,A. thaliana,OMalley2016,GATA24,Dof,.
258,M07076_2.00,1,160,35,27655,0.16642532035284907,2.304041609770959,1.7943429035961151,0.3676668324305033,True,A. thaliana,OMalley2016,ATMYB65,Myb/SANT,R2R3-MYB
259,M06836_2.00,3,160,356,27655,0.1874580315464194,0.5425536964706836,0.39448859412003295,0.3676668324305033,True,A. thaliana,OMalley2016,DOF1.8,Dof,.
260,M02532_2.00,2,160,614,27655,0.1804998724603604,-0.8287702186542542,-0.6162098026810595,0.3676668324305033,True,C. sativa,Zoo_01,PK22848.1,TCR/CxC,.
261,1-MYC3-1MEME,2,160,155,27655,0.1648198703646224,1.1572002214416879,0.9060767010428374,0.3676668324305033,True,.,.,1-MYC3-1MEME,.,.
262,M06931_2.00,1,160,41,27655,0.18831715807416022,2.0757726220978414,1.5051637111520357,0.3676668324305033,True,A. thaliana,OMalley2016,HDG7,Homeodomain,HD-GL2
263,M06620_2.00,3,160,355,27655,0.1869534827469506,0.5466119130450369,0.398079111966437,0.3676668324305033,True,A. thaliana,OMalley2016,ERF7,AP2,ERF
264,M07033_2.00,5,160,940,27655,0.17540354192047997,-0.12126422496171212,-0.09167110251859642,0.3676668324305033,True,A. thaliana,OMalley2016,AT1G72740,Myb/SANT,MYB-related
265,M07121_2.00,1,160,41,27655,0.18831715807416022,2.0757726220978414,1.5051637111520357,0.3676668324305033,True,A. thaliana,OMalley2016,SRM1,Myb/SANT,MYB
266,M06920_2.00,1,160,41,27655,0.18831715807416022,2.0757726220978414,1.5051637111520357,0.3676668324305033,True,A. thaliana,OMalley2016,ANL2,Homeodomain,HD-GL2
267,M07398_2.00,2,160,169,27655,0.1808468797753284,1.032445190433741,0.7667856652826093,0.3676668324305033,True,A. thaliana,OMalley2016,WRKY45,WRKY,.
268,M07313_2.00,1,160,41,27655,0.18831715807416022,2.0757726220978414,1.5051637111520357,0.3676668324305033,True,A. thaliana,OMalley2016,AT1G68200,C3H,.
269,M07043_2.00,1,160,38,27655,0.1775876263259889,2.1853971132723395,1.6403313134288962,0.3676668324305033,True,A. thaliana,OMalley2016,MYB88,Myb/SANT,R2R3-MYB
270,M07318_2.00,1,160,470,27655,0.17777757863214416,-1.4431923198490744,-1.082571771704606,0.3676668324305033,True,A. thaliana,OMalley2016,ZHD5,Homeodomain,HD-ZF
271,M07252_2.00,2,160,163,27655,0.17411568409335193,1.0845964724848478,0.8233845427442312,0.3676668324305033,True,A. thaliana,OMalley2016,S1FA3,S1FA,.
272,M01055_2.00,1,160,37,27655,0.17391551937325336,2.2238712610869755,1.6893897381497789,0.3676668324305033,True,A. thaliana,Stam_Arabidopsis,TGA6,bZIP,.
273,M07020_2.00,2,160,156,27655,0.1660011248373136,1.1479224078536772,0.8952520233076782,0.3676668324305033,True,A. thaliana,OMalley2016,AtMYB93,Myb/SANT,R2R3-MYB
274,M06970_2.00,1,160,460,27655,0.1845047033501222,-1.41216542422845,-1.0365189126585344,0.3676668324305033,True,A. thaliana,OMalley2016,AT1G76880,Trihelix,MADF
275,M08147_2.00,4,160,811,27655,0.18761781943422312,-0.23023347750134768,-0.16731663480340866,0.3676668324305033,True,A. thaliana,JASPAR,FLC,MADS box,.
276,M07151_2.00,1,160,41,27655,0.18831715807416022,2.0757726220978414,1.5051637111520357,0.3676668324305033,True,A. thaliana,OMalley2016,MYB99,Myb/SANT,R2R3-MYB
277,M07303_2.00,2,160,153,27655,0.16244140005064214,1.1759367840232735,0.9281707560769197,0.3676668324305033,True,A. thaliana,OMalley2016,AT1G10720,Unknown,.
278,M06806_2.00,4,160,814,27655,0.18711399670620926,-0.2355603575503218,-0.17146290605207073,0.3676668324305033,True,A. thaliana,OMalley2016,SGR5,C2H2 ZF,.
279,M07389_2.00,2,160,172,27655,0.18413156209254125,1.0070598720138273,0.7400598630481595,0.3676668324305033,True,A. thaliana,OMalley2016,WRKY21,WRKY,.
280,M06946_2.00,2,160,175,27655,0.18736082987225214,0.9821135148835966,0.7143119788640062,0.3676668324305033,True,A. thaliana,OMalley2016,HSFB2B,HSF,.
281,M07137_2.00,2,160,164,27655,0.17525224169232587,1.0757726220978416,0.813646011756049,0.3676668324305033,True,A. thaliana,OMalley2016,KUA1,Myb/SANT,MYB-related
282,M06736_2.00,1,160,35,27655,0.16642532035284907,2.304041609770959,1.7943429035961151,0.3676668324305033,True,A. thaliana,OMalley2016,BHLH77,bHLH,.
283,M06697_2.00,4,160,514,27655,0.16857464298470753,0.4277000775220472,0.33070101522280626,0.3676668324305033,True,A. thaliana,OMalley2016,HMGB15,HMGBox,.
284,M07146_2.00,2,160,168,27655,0.17973985558311908,1.041007203937165,0.7759205611611855,0.3676668324305033,True,A. thaliana,OMalley2016,AT5G58900,Myb/SANT,MYB-related
285,M07007_2.00,1,160,36,27655,0.17019489603100119,2.2633996252736126,1.7406753315100179,0.3676668324305033,True,A. thaliana,OMalley2016,MYB52,Myb/SANT,R2R3-MYB
286,M07297_2.00,5,160,820,27655,0.1775645048563215,0.07577262209784154,0.056878252423491316,0.3676668324305033,True,A. thaliana,OMalley2016,TCX3,TCR/CxC,.
287,M07134_2.00,2,160,157,27655,0.1671769813047059,1.1387038778242982,0.8845719557923177,0.3676668324305033,True,A. thaliana,OMalley2016,PHL11,Myb/SANT,G2-like
288,M02041_2.00,4,160,538,27655,0.17627403559742907,0.3618622641593011,0.272775991391189,0.3676668324305033,True,A. thaliana,Zoo_01,ATHB-22,Homeodomain,HD-ZIP
289,M06865_2.00,5,160,964,27655,0.17307042542357376,-0.15763661462667405,-0.12008396925786007,0.3676668324305033,True,A. thaliana,OMalley2016,DOF5.4,Dof,.
290,M07301_2.00,5,160,848,27655,0.1786341202750005,0.027332267040088173,0.020445508350024073,0.3676668324305033,True,A. thaliana,OMalley2016,TCX2,TCR/CxC,.
291,M07402_2.00,1,160,38,27655,0.1775876263259889,2.1853971132723395,1.6403313134288962,0.3676668324305033,True,A. thaliana,OMalley2016,WRKY47,WRKY,.
292,M07167_2.00,3,160,333,27655,0.17507328912357564,0.6389087603658191,0.48351344133264756,0.3676668324305033,True,A. thaliana,OMalley2016,NAC010,NAC/NAM,.
293,M02295_2.00,1,160,39,27655,0.1812116494755647,2.147922407853677,1.5933586691816997,0.3676668324305033,True,A. thaliana,Zoo_01,PHL6,Myb/SANT,G2-like
294,M07101_2.00,3,160,384,27655,0.2002829622529496,0.4333246267159252,0.30261485035547964,0.36803392282469377,True,A. thaliana,OMalley2016,RVE5,Myb/SANT,MYB-related
295,M07070_2.00,3,160,384,27655,0.2002829622529496,0.4333246267159252,0.30261485035547964,0.36803392282469377,True,A. thaliana,OMalley2016,RVE8,Myb/SANT,MYB-related
296,M07322_2.00,1,160,44,27655,0.19862541637432957,1.973893008078628,1.3856041594950514,0.36803392282469377,True,A. thaliana,OMalley2016,BEH4,BES1,.
297,M07263_2.00,1,160,44,27655,0.19862541637432957,1.973893008078628,1.3856041594950514,0.36803392282469377,True,A. thaliana,OMalley2016,SPL15,SBP,.
298,M07138_2.00,3,160,384,27655,0.2002829622529496,0.4333246267159252,0.30261485035547964,0.36803392282469377,True,A. thaliana,OMalley2016,RVE6,Myb/SANT,MYB-related
299,M06830_2.00,4,160,740,27655,0.19646370670065785,-0.09805683380038681,-0.06929849675150644,0.36803392282469377,True,A. thaliana,OMalley2016,DOF1.5,Dof,.
300,M07189_2.00,1,160,436,27655,0.20129220151844807,-1.3348596980610012,-0.9292933476728242,0.36803392282469377,True,A. thaliana,OMalley2016,ANAC038,NAC/NAM,.
301,M06765_2.00,2,160,188,27655,0.20069136708375787,0.8787357750382879,0.6128929909920486,0.36803392282469377,True,A. thaliana,OMalley2016,BZIP16,bZIP,.
302,M08114_2.00,1,160,42,27655,0.19179949208869027,2.041007203937165,1.4637135152286647,0.36803392282469377,True,A. thaliana,JASPAR,FHY3,FAR1,.
303,M02657_2.00,1,160,45,27655,0.2019698356964783,1.9414715303862504,1.348766458386741,0.36803392282469377,True,A. thaliana,JASPAR,TGA1,bZIP,.
304,M07008_2.00,3,160,384,27655,0.2002829622529496,0.4333246267159252,0.30261485035547964,0.36803392282469377,True,A. thaliana,OMalley2016,RVE7,Myb/SANT,MYB-related
305,M07202_2.00,3,160,386,27655,0.20110129529331888,0.42583009016900103,0.29662690961412935,0.36803392282469377,True,A. thaliana,OMalley2016,NAC053,NAC/NAM,.
306,M07074_2.00,2,160,181,27655,0.19364922577026786,0.93347873963272,0.6655556250927819,0.36803392282469377,True,A. thaliana,OMalley2016,AT3G11280,Myb/SANT,MYB-related
307,M07093_2.00,4,160,744,27655,0.19614064791942776,-0.10583418439210611,-0.07487053047503082,0.36803392282469377,True,A. thaliana,OMalley2016,TRP2,Myb/SANT,MYB-related
308,M06887_2.00,4,160,735,27655,0.19683480430257463,-0.08827581300780142,-0.062313729315967924,0.36803392282469377,True,A. thaliana,OMalley2016,GATA1,GATA,.
309,M07218_2.00,2,160,189,27655,0.20167100331618049,0.8710822024948526,0.6057127073219312,0.36803392282469377,True,A. thaliana,OMalley2016,BRN2,NAC/NAM,.
310,M07203_2.00,3,160,388,27655,0.2019064533835301,0.4183742852499536,0.29070728835069887,0.36803392282469377,True,A. thaliana,OMalley2016,NAC053,NAC/NAM,.
311,M06945_2.00,2,160,182,27655,0.1946748541432767,0.925529986517229,0.6577650375609789,0.36803392282469377,True,A. thaliana,OMalley2016,HSFB2B,HSF,.
312,M07117_2.00,3,160,384,27655,0.2002829622529496,0.4333246267159252,0.30261485035547964,0.36803392282469377,True,A. thaliana,OMalley2016,RVE4,Myb/SANT,MYB-related
313,M07421_2.00,2,160,189,27655,0.20167100331618049,0.8710822024948526,0.6057127073219312,0.36803392282469377,True,A. thaliana,OMalley2016,WRKY75,WRKY,.
314,M00975_2.00,2,160,178,27655,0.19053368839523313,0.9575911957495276,0.6894926892258002,0.36803392282469377,True,A. thaliana,Lindemose2014,NTL8,NAC/NAM,.
315,M06936_2.00,2,160,190,27655,0.20264397183003383,0.8634690183849774,0.5986139809907935,0.3680937969317703,True,A. thaliana,OMalley2016,HSFB4,HSF,.
316,M02559_2.00,1,160,58,27655,0.24148369048030338,1.5753436315883533,0.97216376739587,0.3700944750881117,True,A. thaliana,Zoo_01,WRKY11,WRKY,.
317,M07225_2.00,2,160,232,27655,0.2373032282010182,0.5753436315883532,0.3594150687963395,0.3700944750881117,True,A. thaliana,OMalley2016,ANAC076,NAC/NAM,.
318,M07042_2.00,1,160,61,27655,0.2496094979382244,1.502587289153039,0.9056677996812007,0.3700944750881117,True,A. thaliana,OMalley2016,MYB88,Myb/SANT,R2R3-MYB
319,M06915_2.00,1,160,179,27655,0.36983566801228496,-0.05049115054833127,-0.02181173304556499,0.3700944750881117,True,A. thaliana,OMalley2016,HAT5,Homeodomain,HD-ZIP
320,M02697_2.00,2,160,352,27655,0.27306175743469024,-0.02610699192137191,-0.014717532624633309,0.3700944750881117,True,Antirrhinum majus,JASPAR,squamosa,MADS box,.
321,M06976_2.00,2,160,271,27655,0.25858281797121646,0.3511755853620537,0.2062806568445747,0.3700944750881117,True,A. thaliana,OMalley2016,AT3G58630,Trihelix,MADF
322,M06955_2.00,2,160,281,27655,0.2624196537192359,0.2988983064949992,0.17366100463889403,0.3700944750881117,True,A. thaliana,OMalley2016,LBD6,LOB,.
323,M06581_2.00,1,160,216,27655,0.3599892230007242,-0.3215628754475432,-0.14268082441164984,0.3700944750881117,True,A. thaliana,OMalley2016,ERF014,AP2,DREB
324,M07232_2.00,1,160,144,27655,0.36448362370963827,0.2633996252736128,0.11545384523055285,0.3700944750881117,True,A. thaliana,OMalley2016,ANAC087,NAC/NAM,.
325,M07115_2.00,1,160,101,27655,0.32793941181382374,0.7751131439641304,0.3753147346527737,0.3700944750881117,True,A. thaliana,OMalley2016,MYB4,Myb/SANT,R2R3-MYB
326,M07223_2.00,1,160,116,27655,0.34531892520986224,0.5753436315883532,0.26568196326595395,0.3700944750881117,True,A. thaliana,OMalley2016,anac075,NAC/NAM,.
327,M07077_2.00,1,160,105,27655,0.3331252808716843,0.7190791090498025,0.3432829070217381,0.3700944750881117,True,A. thaliana,OMalley2016,ATMYB65,Myb/SANT,R2R3-MYB
328,M06980_2.00,1,160,225,27655,0.3558768365741033,-0.3804565645011117,-0.17071096647735404,0.3700944750881117,True,A. thaliana,OMalley2016,AT5G47660,Trihelix,MADF
329,M06699_2.00,3,160,591,27655,0.2205884290201935,-0.18872719274045116,-0.12388378905667236,0.3700944750881117,True,A. thaliana,OMalley2016,HMGB9,HMGBox,.
330,M06690_2.00,1,160,115,27655,0.34432999980781015,0.5878345757715501,0.27218218537311195,0.3700944750881117,True,A. thaliana,OMalley2016,ERF010,AP2,DREB
331,M06698_2.00,2,160,313,27655,0.270606538976674,0.1433057797833069,0.08134920447115244,0.3700944750881117,True,A. thaliana,OMalley2016,HMGB9,HMGBox,.
332,M07170_2.00,1,160,271,27655,0.3279839646738419,-0.6488244146379463,-0.31412664605766527,0.3700944750881117,True,A. thaliana,OMalley2016,ANAC13,NAC/NAM,.
333,M01154_2.00,1,160,84,27655,0.3009292988777379,1.041007203937165,0.5429222404159784,0.3700944750881117,True,C. sativa,TF_Evolution,PK05128.1,bZIP,.
334,M06826_2.00,1,160,118,27655,0.34722809890132006,0.5506815773540841,0.2529749321087445,0.3700944750881117,True,A. thaliana,OMalley2016,AZF1,C2H2 ZF,.
335,M07057_2.00,3,160,454,27655,0.22110422700624496,0.1917386401461666,0.1256660712678544,0.3700944750881117,True,A. thaliana,OMalley2016,AT2G40260,Myb/SANT,G2-like
336,M06786_2.00,1,160,82,27655,0.2971819004885015,1.0757726220978416,0.5669081221921466,0.3700944750881117,True,A. thaliana,OMalley2016,TGA2,bZIP,.
337,M07078_2.00,1,160,69,27655,0.2695878062039524,1.3248001699377563,0.7542084126715308,0.3700944750881117,True,A. thaliana,OMalley2016,ATY53,Myb/SANT,R2R3-MYB
338,M06940_2.00,1,160,176,27655,0.3700235738536292,-0.02610699192137191,-0.011272231737319326,0.3700944750881117,True,A. thaliana,OMalley2016,HSFA1E,HSF,.
339,M06794_2.00,1,160,79,27655,0.2913197198948728,1.1295438785388223,0.605017719020388,0.3700944750881117,True,A. thaliana,OMalley2016,TGA1,bZIP,.
340,M07397_2.00,1,160,264,27655,0.33280331092443916,-0.6110694926425283,-0.29197655746746554,0.3700944750881117,True,A. thaliana,OMalley2016,WRKY45,WRKY,.
341,M06755_2.00,2,160,223,27655,0.23090989555990363,0.6324247267956205,0.4025746746638158,0.3700944750881117,True,A. thaliana,OMalley2016,ABF2,bZIP,.
342,M06966_2.00,2,160,337,27655,0.2730090349299302,0.036719845534066924,0.02070349274257576,0.3700944750881117,True,A. thaliana,OMalley2016,LOB,LOB,.
343,M07130_2.00,1,160,68,27655,0.26722088664493054,1.3458617854655859,0.7713532258705516,0.3700944750881117,True,A. thaliana,OMalley2016,MYB56,Myb/SANT,R2R3-MYB
344,M07052_2.00,1,160,77,27655,0.2872472769277326,1.1665380860210237,0.6319651018273205,0.3700944750881117,True,A. thaliana,OMalley2016,MYB101,Myb/SANT,R2R3-MYB
345,M06605_2.00,1,160,164,27655,0.3696546299560054,0.07577262209784154,0.03274921898442339,0.3700944750881117,True,A. thaliana,OMalley2016,ERF15,AP2,ERF
346,M07141_2.00,1,160,96,27655,0.32085502635061897,0.8483621259947691,0.41882887604584607,0.3700944750881117,True,A. thaliana,OMalley2016,MYB49,Myb/SANT,R2R3-MYB
347,M01162_2.00,1,160,114,27655,0.3433178723901783,0.6004346125511836,0.27878394469606,0.3700944750881117,True,C. sativa,TF_Evolution,PK24978.1,bZIP,.
348,M06630_2.00,1,160,126,27655,0.3539823368121982,0.4560447032160088,0.20568455605642114,0.3700944750881117,True,A. thaliana,OMalley2016,DREB2F,AP2,DREB
349,M07242_2.00,2,160,219,27655,0.2278866805921969,0.6585375671147518,0.42296620501426374,0.3700944750881117,True,A. thaliana,OMalley2016,NAC101,NAC/NAM,.
350,M07000_2.00,1,160,129,27655,0.3561669087776734,0.42209737129267105,0.1892458507976665,0.3700944750881117,True,A. thaliana,OMalley2016,ATMYB13,Myb/SANT,R2R3-MYB
351,M07102_2.00,1,160,83,27655,0.2990714685920537,1.0582851953690007,0.5547795741853474,0.3700944750881117,True,A. thaliana,OMalley2016,MYB55,Myb/SANT,R2R3-MYB
352,M06766_2.00,2,160,201,27655,0.2129009308367488,0.7822729355369967,0.5255485121051608,0.3700944750881117,True,A. thaliana,OMalley2016,ABI5,bZIP,.
353,M06694_2.00,1,160,373,27655,0.24897520710444407,-1.1097071935393126,-0.6700899170510928,0.3700944750881117,True,A. thaliana,OMalley2016,ARID6,ARID/BRIGHT,.
354,M07320_2.00,1,160,199,27655,0.3660844225652021,-0.20329999382772362,-0.08872392930312675,0.3700944750881117,True,A. thaliana,OMalley2016,GT-2,Trihelix,.
355,M06870_2.00,1,160,94,27655,0.3178271381366757,0.8787357750382879,0.4374425973601342,0.3700944750881117,True,A. thaliana,OMalley2016,E2FC,E2F,.
356,M07338_2.00,3,160,436,27655,0.21727270242476407,0.2501028026601549,0.1658168661019202,0.3700944750881117,True,A. thaliana,OMalley2016,ZHD9,Homeodomain,HD-ZF
357,M06874_2.00,1,160,273,27655,0.32657871769008645,-0.6594325142039273,-0.32049219458874423,0.3700944750881117,True,A. thaliana,OMalley2016,E2FE,E2F,.
358,M06791_2.00,2,160,244,27655,0.2449515449406432,0.5025872891530389,0.30704053474018095,0.3700944750881117,True,A. thaliana,OMalley2016,AtbZIP3,bZIP,.
359,M06735_2.00,1,160,112,27655,0.34122307097379906,0.625969704658321,0.29230382281321343,0.3700944750881117,True,A. thaliana,OMalley2016,BHLH34,bHLH,.
360,M06860_2.00,1,160,229,27655,0.3538776664694459,-0.40587916138101865,-0.1831111031911251,0.3700944750881117,True,A. thaliana,OMalley2016,DOF4.5,Dof,.
361,M06844_2.00,2,160,512,27655,0.22784314357534521,-0.5666753732840746,-0.364011879882385,0.3700944750881117,True,A. thaliana,OMalley2016,DOF2.5,Dof,.
362,M06782_2.00,1,160,269,27655,0.3293770366810347,-0.6381377358406989,-0.30777809403486306,0.3700944750881117,True,A. thaliana,OMalley2016,BZIP11,bZIP,.
363,M06880_2.00,1,160,86,27655,0.3045509488322639,1.0070598720138273,0.5199853377305743,0.3700944750881117,True,A. thaliana,OMalley2016,FAR1,FAR1,.
364,M06963_2.00,1,160,46,27655,0.20526910713463814,1.9097626706589124,1.3132987310941764,0.3700944750881117,True,A. thaliana,OMalley2016,LBD18,LOB,.
365,M07381_2.00,2,160,207,27655,0.21814636475014865,0.7398376692166,0.48921915310634567,0.3700944750881117,True,A. thaliana,OMalley2016,WRKY3,WRKY,.
366,M06773_2.00,1,160,80,27655,0.2933063335346889,1.111396531828563,0.5920171029900281,0.3700944750881117,True,A. thaliana,OMalley2016,TGA6,bZIP,.
367,2.MYB3-MEME,1,160,151,27655,0.3670029238625956,0.19491988739084642,0.08485456731465849,0.3700944750881117,True,.,.,2.MYB3-MEME,.,.
368,GBF2-MEME,1,160,79,27655,0.2913197198948728,1.1295438785388223,0.605017719020388,0.3700944750881117,True,.,.,GBF2-MEME,.,.
369,M07171_2.00,2,160,270,27655,0.25816395576534124,0.35650902966509446,0.2096645264884284,0.3700944750881117,True,A. thaliana,OMalley2016,ANAC13,NAC/NAM,.
370,M07394_2.00,1,160,157,27655,0.3685388379874274,0.13870387782429808,0.0601304526391087,0.3700944750881117,True,A. thaliana,OMalley2016,WRKY43,WRKY,.
371,1.PIF1.MEME1,1,160,109,27655,0.3379009254487545,0.6651403019389989,0.3134211732458209,0.3700944750881117,True,.,.,1.PIF1.MEME1,.,.
372,M06760_2.00,1,160,237,27655,0.3495928359675025,-0.4554186221823337,-0.20787012630830962,0.3700944750881117,True,A. thaliana,OMalley2016,AtbZIP48,bZIP,.
373,M06784_2.00,1,160,78,27655,0.2893001388827601,1.1479224078536772,0.6183299637112349,0.3700944750881117,True,A. thaliana,OMalley2016,TGA10,bZIP,.
374,M07271_2.00,1,160,104,27655,0.331867907128378,0.7328849085748332,0.3510773341696186,0.3700944750881117,True,A. thaliana,OMalley2016,STKL2,Storekeeper,.
375,M06783_2.00,1,160,78,27655,0.2893001388827601,1.1479224078536772,0.6183299637112349,0.3700944750881117,True,A. thaliana,OMalley2016,TGA10,bZIP,.
376,M07380_2.00,2,160,262,27655,0.25457847489773744,0.3999016251784751,0.2376128756411314,0.3700944750881117,True,A. thaliana,OMalley2016,WRKY40,WRKY,.
377,M07185_2.00,1,160,138,27655,0.3616566226394806,0.32480016993775623,0.14346539710343437,0.3700944750881117,True,A. thaliana,OMalley2016,SMB,NAC/NAM,.
378,M06928_2.00,1,160,142,27655,0.3636119731514712,0.28357750721124314,0.12459313098469625,0.3700944750881117,True,A. thaliana,OMalley2016,ATHB-51,Homeodomain,HD-ZIP
379,M07067_2.00,1,160,99,27655,0.32518751132009244,0.8039680066363156,0.3922287694010087,0.3700944750881117,True,A. thaliana,OMalley2016,MYB83,Myb/SANT,R2R3-MYB
380,M07144_2.00,1,160,163,27655,0.3695378607692707,0.08459647248484788,0.036574528554334934,0.3700944750881117,True,A. thaliana,OMalley2016,AT5G56840,Myb/SANT,MYB-related
381,M07003_2.00,1,160,59,27655,0.24423190706146602,1.550681577354084,0.9493235390550939,0.3700944750881117,True,A. thaliana,OMalley2016,MYB61,Myb/SANT,R2R3-MYB
382,M07179_2.00,2,160,232,27655,0.2373032282010182,0.5753436315883532,0.3594150687963395,0.3700944750881117,True,A. thaliana,OMalley2016,anac028,NAC/NAM,.
383,M07234_2.00,1,160,274,27655,0.32587167450298554,-0.6647074562446014,-0.32368154767765106,0.3700944750881117,True,A. thaliana,OMalley2016,NAC92,NAC/NAM,.
384,M07178_2.00,2,160,354,27655,0.27299074876355955,-0.03428092336707216,-0.019329369611689868,0.3700944750881117,True,A. thaliana,OMalley2016,ANAC020,NAC/NAM,.
385,M06876_2.00,1,160,267,27655,0.33075745872498086,-0.6273713049716286,-0.3014458601015842,0.3700944750881117,True,A. thaliana,OMalley2016,E2FD,E2F,.
386,M06813_2.00,3,160,399,27655,0.20609875048255816,0.3780421912147356,0.2593084543732242,0.3700944750881117,True,A. thaliana,OMalley2016,AT3G46070,C2H2 ZF,.
387,M02653_2.00,1,160,58,27655,0.24148369048030338,1.5753436315883533,0.97216376739587,0.3700944750881117,True,A. thaliana,JASPAR,LEC2,B3,FUS
388,M06975_2.00,1,160,192,27655,0.3678605766285204,-0.15163787400523093,-0.0658588690278692,0.3700944750881117,True,A. thaliana,OMalley2016,GT-4,Trihelix,MADF
389,M01158_2.00,1,160,57,27655,0.23869537113291908,1.6004346125511835,0.9957200014595917,0.3700944750881117,True,C. sativa,TF_Evolution,PK18009.1,bZIP,.
390,M01603_2.00,1,160,50,27655,0.21802279723014079,1.7894684369412006,1.183729957917687,0.3700944750881117,True,A. thaliana,Zoo_01,WIN1,AP2,DREB
391,M06693_2.00,1,160,217,27655,0.359560162884805,-0.3282266057285539,-0.14580759024072462,0.3700944750881117,True,A. thaliana,OMalley2016,RAV1,AP2,B3
392,M07226_2.00,1,160,362,27655,0.25767540696705965,-1.06652126036728,-0.6281031976237265,0.3700944750881117,True,A. thaliana,OMalley2016,NAC078,NAC/NAM,.
393,M07412_2.00,2,160,271,27655,0.25858281797121646,0.3511755853620537,0.2062806568445747,0.3700944750881117,True,A. thaliana,OMalley2016,WRKY7,WRKY,.
394,M06929_2.00,1,160,109,27655,0.3379009254487545,0.6651403019389989,0.3134211732458209,0.3700944750881117,True,A. thaliana,OMalley2016,HAT2,Homeodomain,HD-ZIP
395,M06673_2.00,1,160,193,27655,0.3676356561161307,-0.1591324105521551,-0.06915614076519264,0.3700944750881117,True,A. thaliana,OMalley2016,ERF2,AP2,ERF
396,M06922_2.00,1,160,152,27655,0.36729772066325517,0.1853971132723397,0.08064436388051281,0.3700944750881117,True,A. thaliana,OMalley2016,HAT1,Homeodomain,HD-ZIP
397,M06971_2.00,1,160,66,27655,0.26237703373258053,1.3889305073574716,0.8070716585567564,0.3700944750881117,True,A. thaliana,OMalley2016,AT3G10030,Trihelix,MADF
398,M06779_2.00,1,160,272,27655,0.327282833738501,-0.6541382145344141,-0.31730725433813306,0.3700944750881117,True,A. thaliana,OMalley2016,BZIP53,bZIP,.
399,M07374_2.00,2,160,198,27655,0.2101852491363548,0.8039680066363156,0.5446061317554823,0.3700944750881117,True,A. thaliana,OMalley2016,WRKY71,WRKY,.
400,M06831_2.00,1,160,102,27655,0.32927523021453353,0.7608992847444296,0.36708896460691737,0.3700944750881117,True,A. thaliana,OMalley2016,DOF1.6,Dof,.
401,M01832_2.00,1,160,166,27655,0.3698469543480392,0.05828519536900058,0.02517791940424805,0.3700944750881117,True,P. patens,Zoo_01,estExt_Genewise1.C_2060077,bZIP,.
402,M06612_2.00,1,160,133,27655,0.35879905804313167,0.3780421912147358,0.16828499215015974,0.3700944750881117,True,A. thaliana,OMalley2016,ERF13,AP2,ERF
403,M07250_2.00,1,160,104,27655,0.331867907128378,0.7328849085748332,0.3510773341696186,0.3700944750881117,True,A. thaliana,OMalley2016,RKD2,RWP-RK,.
404,M06667_2.00,2,160,290,27655,0.26533762114829623,0.25341553670099093,0.14601832843755777,0.3700944750881117,True,A. thaliana,OMalley2016,ERF003,AP2,DREB
405,M07023_2.00,1,160,150,27655,0.36669220320490237,0.20450593622004437,0.08910289368574442,0.3700944750881117,True,A. thaliana,OMalley2016,AT1G49010,Myb/SANT,MYB
406,M07342_2.00,2,160,217,27655,0.22633310546166865,0.6717733942714461,0.4334630709038517,0.3700944750881117,True,A. thaliana,OMalley2016,AT4G12670,Unknown,.
407,M06763_2.00,1,160,237,27655,0.3495928359675025,-0.4554186221823337,-0.20787012630830962,0.3700944750881117,True,A. thaliana,OMalley2016,BZIP2,bZIP,.
408,M07109_2.00,1,160,72,27655,0.27647260235400484,1.2633996252736128,0.7054165270901939,0.3700944750881117,True,A. thaliana,OMalley2016,AtMYB41,Myb/SANT,R2R3-MYB
409,M06567_2.00,1,160,79,27655,0.2913197198948728,1.1295438785388223,0.605017719020388,0.3700944750881117,True,A. thaliana,OMalley2016,ERF027,AP2,DREB
410,M06789_2.00,1,160,78,27655,0.2893001388827601,1.1479224078536772,0.6183299637112349,0.3700944750881117,True,A. thaliana,OMalley2016,TGA4,bZIP,.
411,M07199_2.00,1,160,48,27655,0.21173382924814396,1.8483621259947691,1.246183763386032,0.3700944750881117,True,A. thaliana,OMalley2016,NAC047,NAC/NAM,.
412,M07119_2.00,1,160,214,27655,0.36082537557287125,-0.30814235968522186,-0.1364155247689322,0.3700944750881117,True,A. thaliana,OMalley2016,AT5G05790,Myb/SANT,MYB
413,M06737_2.00,1,160,81,27655,0.29526029087097694,1.0934746238313005,0.5793173410331109,0.3700944750881117,True,A. thaliana,OMalley2016,BHLH104,bHLH,.
414,M06912_2.00,1,160,100,27655,0.3265769264735235,0.7894684369412006,0.38369310967710807,0.3700944750881117,True,A. thaliana,OMalley2016,ATHB-20,Homeodomain,HD-ZIP
415,M07169_2.00,3,160,458,27655,0.22181695923521316,0.17908333934013726,0.11712144456420866,0.3700944750881117,True,A. thaliana,OMalley2016,ANAC011,NAC/NAM,.
416,M02656_2.00,1,160,78,27655,0.2893001388827601,1.1479224078536772,0.6183299637112349,0.3700944750881117,True,A. thaliana,JASPAR,ABF1,bZIP,.
417,M07410_2.00,1,160,183,27655,0.3694232970212974,-0.0823752115681172,-0.03562527893515708,0.3700944750881117,True,A. thaliana,OMalley2016,WRKY29,WRKY,.
418,M07431_2.00,1,160,179,27655,0.36983566801228496,-0.05049115054833127,-0.02181173304556499,0.3700944750881117,True,A. thaliana,OMalley2016,WRKY27,WRKY,.
419,M06819_2.00,1,160,50,27655,0.21802279723014079,1.7894684369412006,1.183729957917687,0.3700944750881117,True,A. thaliana,OMalley2016,AT5G04390,C2H2 ZF,.
420,M07413_2.00,1,160,181,27655,0.36965214891656045,-0.06652126036728002,-0.0287509387307133,0.3700944750881117,True,A. thaliana,OMalley2016,WRKY7,WRKY,.
421,M06989_2.00,2,160,522,27655,0.22340601893330278,-0.5945813698539592,-0.3870160641020814,0.3700944750881117,True,A. thaliana,OMalley2016,AGL13,MADS box,.
422,M06570_2.00,1,160,179,27655,0.36983566801228496,-0.05049115054833127,-0.02181173304556499,0.3700944750881117,True,A. thaliana,OMalley2016,ERF012,AP2,DREB
423,M06764_2.00,2,160,200,27655,0.21200256114996385,0.7894684369412006,0.5318324328433423,0.3700944750881117,True,A. thaliana,OMalley2016,BZIP16,bZIP,.
424,M07136_2.00,1,160,197,27655,0.3666391315915265,-0.18872719274045097,-0.08223998504019771,0.3700944750881117,True,A. thaliana,OMalley2016,KUA1,Myb/SANT,MYB-related
425,M01160_2.00,1,160,84,27655,0.3009292988777379,1.041007203937165,0.5429222404159784,0.3700944750881117,True,C. sativa,TF_Evolution,PK23964.1,bZIP,.
426,M06843_2.00,1,160,251,27655,0.34128527830792305,-0.5382189272348467,-0.2512849687234774,0.3700944750881117,True,A. thaliana,OMalley2016,DOF2.5,Dof,.
427,M07238_2.00,2,160,347,27655,0.27316050160087507,-0.005467225862335622,-0.003081230624271279,0.3700944750881117,True,A. thaliana,OMalley2016,anac096,NAC/NAM,.
428,M06898_2.00,1,160,223,27655,0.35683814897557153,-0.3675752732043795,-0.16450049229639802,0.3700944750881117,True,A. thaliana,OMalley2016,ATHB-9,Homeodomain,HD-ZIP
429,M07104_2.00,1,160,57,27655,0.23869537113291908,1.6004346125511835,0.9957200014595917,0.3700944750881117,True,A. thaliana,OMalley2016,AtMYB74,Myb/SANT,R2R3-MYB
430,M07162_2.00,1,160,181,27655,0.36965214891656045,-0.06652126036728002,-0.0287509387307133,0.3700944750881117,True,A. thaliana,OMalley2016,NAC004,NAC/NAM,.
431,M07429_2.00,2,160,226,27655,0.23310386884287831,0.6131456643007376,0.38778429324209157,0.3700944750881117,True,A. thaliana,OMalley2016,WRKY8,WRKY,.
432,M06785_2.00,1,160,59,27655,0.24423190706146602,1.550681577354084,0.9493235390550939,0.3700944750881117,True,A. thaliana,OMalley2016,TGA2,bZIP,.
433,M09781_2.00,1,160,59,27655,0.24423190706146602,1.550681577354084,0.9493235390550939,0.3700944750881117,True,A. thaliana,Transfac,PIF3,bHLH,.
434,M07408_2.00,1,160,137,27655,0.36112250138082963,0.33529254375539863,0.14831513116119852,0.3700944750881117,True,A. thaliana,OMalley2016,WRKY31,WRKY,.
435,M07268_2.00,3,160,406,27655,0.20855825190136462,0.3529512102519052,0.24027952084286444,0.3700944750881117,True,A. thaliana,OMalley2016,HMGB13,HMGBox,.
436,M06927_2.00,1,160,124,27655,0.35242258613583977,0.4791283163290499,0.21701459063272358,0.3700944750881117,True,A. thaliana,OMalley2016,ATHB-51,Homeodomain,HD-ZIP
437,M06645_2.00,1,160,324,27655,0.28791457776193863,-0.9065253761686995,-0.4901912187947767,0.3700944750881117,True,A. thaliana,OMalley2016,CRF4,AP2,ERF
438,M07200_2.00,1,160,167,27655,0.3699228174903269,0.04962033424187292,0.021430470571547268,0.3700944750881117,True,A. thaliana,OMalley2016,ANAC050,NAC/NAM,.
439,M06899_2.00,1,160,215,27655,0.36041099353367245,-0.31486822287353494,-0.13955021676436277,0.3700944750881117,True,A. thaliana,OMalley2016,ATHB-15,Homeodomain,HD-ZIP
440,M07145_2.00,1,160,163,27655,0.3695378607692707,0.08459647248484788,0.036574528554334934,0.3700944750881117,True,A. thaliana,OMalley2016,AT5G56840,Myb/SANT,MYB-related
441,M07222_2.00,1,160,81,27655,0.29526029087097694,1.0934746238313005,0.5793173410331109,0.3700944750881117,True,A. thaliana,OMalley2016,NAC073,NAC/NAM,.
442,M07190_2.00,2,160,282,27655,0.2627686007278157,0.2937732743171318,0.17051380268819405,0.3700944750881117,True,A. thaliana,OMalley2016,NTL8,NAC/NAM,.
443,M07224_2.00,1,160,98,27655,0.323770901386516,0.8186147826007172,0.4009265651302242,0.3700944750881117,True,A. thaliana,OMalley2016,ANAC076,NAC/NAM,.
444,M07149_2.00,1,160,251,27655,0.34128527830792305,-0.5382189272348467,-0.2512849687234774,0.3700944750881117,True,A. thaliana,OMalley2016,AT5G61620,Myb/SANT,MYB-related
445,M06775_2.00,1,160,230,27655,0.35336244800628897,-0.41216542422845,-0.18620793257572993,0.3700944750881117,True,A. thaliana,OMalley2016,ATBZIP42,bZIP,.
446,M06725_2.00,1,160,70,27655,0.2719185079434942,1.3040416097709588,0.7375153786914224,0.3700944750881117,True,A. thaliana,OMalley2016,BHLH122,bHLH,.
447,M07091_2.00,1,160,70,27655,0.2719185079434942,1.3040416097709588,0.7375153786914224,0.3700944750881117,True,A. thaliana,OMalley2016,ATMYB121,Myb/SANT,R2R3-MYB
448,M08145_2.00,3,160,513,27655,0.22679387145746058,0.015472111830027464,0.009969744359550396,0.3700944750881117,True,A. thaliana,JASPAR,AGL27,MADS box,.
449,M02654_2.00,1,160,64,27655,0.257384201400795,1.4333246267159254,0.8448274985311937,0.3700944750881117,True,A. thaliana,JASPAR,DYT1,bHLH,.
450,M07103_2.00,1,160,120,27655,0.3490472323994296,0.5264340311074067,0.2406413138934391,0.3700944750881117,True,A. thaliana,OMalley2016,MYB55,Myb/SANT,R2R3-MYB
451,M07147_2.00,2,160,209,27655,0.21983943795168573,0.7259654946350423,0.47760862984738567,0.3700944750881117,True,A. thaliana,OMalley2016,AT5G58900,Myb/SANT,MYB-related
452,M06752_2.00,1,160,201,27655,0.36549332127183276,-0.2177270644630033,-0.09517297516477834,0.3700944750881117,True,A. thaliana,OMalley2016,BZIP68,bZIP,.
453,M07140_2.00,1,160,81,27655,0.29526029087097694,1.0934746238313005,0.5793173410331109,0.3700944750881117,True,A. thaliana,OMalley2016,MYB49,Myb/SANT,R2R3-MYB
454,M07357_2.00,1,160,109,27655,0.3379009254487545,0.6651403019389989,0.3134211732458209,0.3700944750881117,True,A. thaliana,OMalley2016,BMY2,BES1,.
455,M07325_2.00,2,160,313,27655,0.270606538976674,0.1433057797833069,0.08134920447115244,0.3700944750881117,True,A. thaliana,OMalley2016,SDG37,Unknown,.
456,M07099_2.00,1,160,79,27655,0.2913197198948728,1.1295438785388223,0.605017719020388,0.3700944750881117,True,A. thaliana,OMalley2016,AtMYB17,Myb/SANT,R2R3-MYB
457,M06907_2.00,1,160,112,27655,0.34122307097379906,0.625969704658321,0.29230382281321343,0.3700944750881117,True,A. thaliana,OMalley2016,ATHB-21,Homeodomain,HD-ZIP
458,M06726_2.00,1,160,89,27655,0.30975284545439646,0.9575911957495276,0.4873992630993839,0.3700944750881117,True,A. thaliana,OMalley2016,BPE,bHLH,.
459,M06596_2.00,1,160,235,27655,0.35069814467643656,-0.44319231984907437,-0.20168199186611052,0.3700944750881117,True,A. thaliana,OMalley2016,HRE1,AP2,ERF
460,M06777_2.00,2,160,203,27655,0.2146770324540961,0.767988709530749,0.5131811275929352,0.3700944750881117,True,A. thaliana,OMalley2016,DPBF3,bZIP,.
461,M06774_2.00,1,160,82,27655,0.2971819004885015,1.0757726220978416,0.5669081221921466,0.3700944750881117,True,A. thaliana,OMalley2016,TGA6,bZIP,.
462,M08078_2.00,1,160,156,27655,0.36832109994041184,0.1479224078536771,0.06416480595174237,0.3700944750881117,True,Zea mays,JASPAR,O2,bZIP,.
463,M06751_2.00,1,160,76,27655,0.2851608179648957,1.1853971132723398,0.6459349166837112,0.3700944750881117,True,A. thaliana,OMalley2016,TGA3,bZIP,.
464,M07112_2.00,1,160,91,27655,0.31307046246542214,0.925529986517229,0.4667983652127023,0.3700944750881117,True,A. thaliana,OMalley2016,HHO5,Myb/SANT,G2-like
465,M07032_2.00,1,160,63,27655,0.2548310473165046,1.4560447032160089,0.8645231366800922,0.3700944750881117,True,A. thaliana,OMalley2016,MYB105,Myb/SANT,R2R3-MYB
466,M06821_2.00,1,160,238,27655,0.3490320297617433,-0.46149313659201824,-0.21096453445656557,0.3700944750881117,True,A. thaliana,OMalley2016,AT5G22990,C2H2 ZF,.
467,M06790_2.00,2,160,211,27655,0.22150469563414193,0.7122254380087402,0.46623492429545316,0.3700944750881117,True,A. thaliana,OMalley2016,HY5,bZIP,.
468,M06709_2.00,3,160,516,27655,0.22682169292689142,0.007059872013826935,0.004548784348381057,0.3700944750881117,True,A. thaliana,OMalley2016,AT4G33280,AP2,B3
469,M07022_2.00,1,160,119,27655,0.34814880689978495,0.5385068634079817,0.24676274037632823,0.3700944750881117,True,A. thaliana,OMalley2016,AT1G49010,Myb/SANT,MYB
470,M06662_2.00,1,160,195,27655,0.36715652328862297,-0.17400568703368538,-0.07571835742405848,0.3700944750881117,True,A. thaliana,OMalley2016,DREB2G,AP2,DREB
471,M07096_2.00,1,160,101,27655,0.32793941181382374,0.7751131439641304,0.3753147346527737,0.3700944750881117,True,A. thaliana,OMalley2016,F3A4.140,Myb/SANT,R2R3-MYB
472,M06594_2.00,1,160,130,27655,0.35685459696311594,0.41095681368747083,0.1839067512311287,0.3700944750881117,True,A. thaliana,OMalley2016,ERF021,AP2,DREB
473,M07267_2.00,1,160,181,27655,0.36965214891656045,-0.06652126036728002,-0.0287509387307133,0.3700944750881117,True,A. thaliana,OMalley2016,CRC,YABBY,.
474,M06781_2.00,2,160,250,27655,0.2484040545477526,0.4675403420538383,0.2827877175073208,0.3700944750881117,True,A. thaliana,OMalley2016,BZIP11,bZIP,.
475,M06757_2.00,1,160,268,27655,0.3300688590111115,-0.6327645637418472,-0.30460998070116463,0.3700944750881117,True,A. thaliana,OMalley2016,BZIP44,bZIP,.
476,M07107_2.00,1,160,171,27655,0.3700944750881117,0.015472111830027464,0.006679115700109783,0.3700944750881117,True,A. thaliana,OMalley2016,MYB39,Myb/SANT,R2R3-MYB
477,M06932_2.00,1,160,100,27655,0.3265769264735235,0.7894684369412006,0.38369310967710807,0.3700944750881117,True,A. thaliana,OMalley2016,ATHB-5,Homeodomain,HD-ZIP
478,M02694_2.00,1,160,112,27655,0.34122307097379906,0.625969704658321,0.29230382281321343,0.3700944750881117,True,A. thaliana,JASPAR,AGL1,MADS box,.
479,M06901_2.00,1,160,100,27655,0.3265769264735235,0.7894684369412006,0.38369310967710807,0.3700944750881117,True,A. thaliana,OMalley2016,ATHB-13,Homeodomain,HD-ZIP
480,M06681_2.00,1,160,64,27655,0.257384201400795,1.4333246267159254,0.8448274985311937,0.3700944750881117,True,A. thaliana,OMalley2016,ERF025,AP2,DREB
481,M07401_2.00,1,160,183,27655,0.3694232970212974,-0.0823752115681172,-0.03562527893515708,0.3700944750881117,True,A. thaliana,OMalley2016,WRKY22,WRKY,.
482,M06750_2.00,1,160,71,27655,0.2742133286441132,1.2835775072112432,0.7212568845942441,0.3700944750881117,True,A. thaliana,OMalley2016,TGA3,bZIP,.
483,M06778_2.00,2,160,210,27655,0.22067554723843122,0.7190791090498025,0.47189263638132917,0.3700944750881117,True,A. thaliana,OMalley2016,DPBF3,bZIP,.
484,M07066_2.00,1,160,93,27655,0.31627050348579944,0.8941658156078939,0.4470304292539327,0.3700944750881117,True,A. thaliana,OMalley2016,MYB83,Myb/SANT,R2R3-MYB
485,M06916_2.00,1,160,215,27655,0.36041099353367245,-0.31486822287353494,-0.13955021676436277,0.3700944750881117,True,A. thaliana,OMalley2016,WOX11,Homeodomain,HD-WOX
486,M07027_2.00,1,160,102,27655,0.32927523021453353,0.7608992847444296,0.36708896460691737,0.3700944750881117,True,A. thaliana,OMalley2016,MYB62,Myb/SANT,R2R3-MYB
487,M06875_2.00,2,160,337,27655,0.2730090349299302,0.036719845534066924,0.02070349274257576,0.3700944750881117,True,A. thaliana,OMalley2016,E2FD,E2F,.
488,M06987_2.00,1,160,262,27655,0.33414996812782133,-0.6000983748215248,-0.28568197775616655,0.3700944750881117,True,A. thaliana,OMalley2016,AGL16,MADS box,.
489,M06572_2.00,1,160,217,27655,0.359560162884805,-0.3282266057285539,-0.14580759024072462,0.3700944750881117,True,A. thaliana,OMalley2016,ERF019,AP2,DREB
490,M07041_2.00,1,160,115,27655,0.34432999980781015,0.5878345757715501,0.27218218537311195,0.3700944750881117,True,A. thaliana,OMalley2016,PHL7,Myb/SANT,G2-like
491,M07056_2.00,1,160,191,27655,0.3680755717783195,-0.14410420131982338,-0.06255030259979429,0.3700944750881117,True,A. thaliana,OMalley2016,AT2G38300,Myb/SANT,G2-like
492,M07053_2.00,1,160,180,27655,0.3697496423000083,-0.05852846961374951,-0.025289697391232636,0.3700944750881117,True,A. thaliana,OMalley2016,ASR3,Trihelix,.
493,M06990_2.00,1,160,293,27655,0.31195473669833507,-0.7614322277063226,-0.3852149719721625,0.3700944750881117,True,A. thaliana,OMalley2016,FLC,MADS box,.
494,M06793_2.00,1,160,88,27655,0.30804923222328606,0.9738930080786281,0.4980292791809677,0.3700944750881117,True,A. thaliana,OMalley2016,TGA1,bZIP,.
495,M08143_2.00,1,160,147,27655,0.36566274926540454,0.2336522818795608,0.10208718671861164,0.3700944750881117,True,A. thaliana,JASPAR,SEP3,MADS box,.
496,M07164_2.00,1,160,112,27655,0.34122307097379906,0.625969704658321,0.29230382281321343,0.3700944750881117,True,A. thaliana,OMalley2016,NAC007,NAC/NAM,.
497,M07358_2.00,3,160,602,27655,0.21870123549956644,-0.21533254932262066,-0.1421515161796735,0.3700944750881117,True,A. thaliana,OMalley2016,EMB1789,Unknown,.
498,M07216_2.00,1,160,146,27655,0.36528657714925883,0.2435000678359081,0.10649872033833463,0.3700944750881117,True,A. thaliana,OMalley2016,NAC69,NAC/NAM,.
499,M06771_2.00,1,160,201,27655,0.36549332127183276,-0.2177270644630033,-0.09517297516477834,0.3700944750881117,True,A. thaliana,OMalley2016,GBF3,bZIP,.
500,M07248_2.00,1,160,175,27655,0.3700623576810056,-0.017886485116403474,-0.007722044371538679,0.3700944750881117,True,A. thaliana,OMalley2016,NLP4,RWP-RK,.
501,M07246_2.00,2,160,205,27655,0.21642553850688845,0.7538445272104791,0.5010740444352664,0.3700944750881117,True,A. thaliana,OMalley2016,NAC105,NAC/NAM,.
502,M07407_2.00,2,160,207,27655,0.21814636475014865,0.7398376692166,0.48921915310634567,0.3700944750881117,True,A. thaliana,OMalley2016,WRKY28,WRKY,.
503,M07100_2.00,2,160,248,27655,0.24728052394895425,0.4791283163290499,0.2907398956709933,0.3700944750881117,True,A. thaliana,OMalley2016,RVE5,Myb/SANT,MYB-related
504,M06759_2.00,1,160,79,27655,0.2913197198948728,1.1295438785388223,0.605017719020388,0.3700944750881117,True,A. thaliana,OMalley2016,TGA7,bZIP,.
505,M07143_2.00,1,160,97,27655,0.32232682951101665,0.8334117845287975,0.40979152775008976,0.3700944750881117,True,A. thaliana,OMalley2016,MYB80,Myb/SANT,R2R3-MYB
506,M06776_2.00,2,160,237,27655,0.24061118080075847,0.5445813778176662,0.33692389166632103,0.3700944750881117,True,A. thaliana,OMalley2016,ATBZIP42,bZIP,.
507,M07048_2.00,1,160,89,27655,0.30975284545439646,0.9575911957495276,0.4873992630993839,0.3700944750881117,True,A. thaliana,OMalley2016,AtMYB70,Myb/SANT,R2R3-MYB
508,M06686_2.00,2,160,253,27655,0.2500384320136486,0.45033105202161505,0.2710962460228408,0.3700944750881117,True,A. thaliana,OMalley2016,AT5G65130,AP2,DREB
509,M07080_2.00,1,160,192,27655,0.3678605766285204,-0.15163787400523093,-0.0658588690278692,0.3700944750881117,True,A. thaliana,OMalley2016,PHL12,Myb/SANT,G2-like
510,M07209_2.00,1,160,243,27655,0.34614969325417694,-0.49148787688985573,-0.226446182484927,0.3700944750881117,True,A. thaliana,OMalley2016,anac057,NAC/NAM,.
511,M06647_2.00,1,160,229,27655,0.3538776664694459,-0.40587916138101865,-0.1831111031911251,0.3700944750881117,True,A. thaliana,OMalley2016,ERF054,AP2,DREB
512,M07073_2.00,1,160,46,27655,0.20526910713463814,1.9097626706589124,1.3132987310941764,0.3700944750881117,True,A. thaliana,OMalley2016,AT3G10580,Myb/SANT,MYB-related
513,M06680_2.00,1,160,66,27655,0.26237703373258053,1.3889305073574716,0.8070716585567564,0.3700944750881117,True,A. thaliana,OMalley2016,ERF025,AP2,DREB
514,M07227_2.00,2,160,395,27655,0.26794042009197083,-0.19238421634854008,-0.11003641614343124,0.3700944750881117,True,A. thaliana,OMalley2016,NAC078,NAC/NAM,.
515,M06988_2.00,1,160,296,27655,0.30968650837036615,-0.7761287389130244,-0.3951098445342524,0.3700944750881117,True,A. thaliana,OMalley2016,AGL16,MADS box,.
516,M06852_2.00,1,160,221,27655,0.35777297387044066,-0.3545779326755062,-0.1582809188501229,0.3700944750881117,True,A. thaliana,OMalley2016,AT3G52440,Dof,.
517,M06877_2.00,1,160,53,27655,0.22713361951595545,1.7054041721527262,1.0978003491035264,0.3700944750881117,True,A. thaliana,OMalley2016,EIL3,EIN3,.
518,M06792_2.00,1,160,198,27655,0.3663663835564229,-0.19603199336368432,-0.08548649076728794,0.3700944750881117,True,A. thaliana,OMalley2016,BZIP43,bZIP,.
519,M07326_2.00,2,160,545,27655,0.2129227168074701,-0.6567877929483634,-0.4412155906560072,0.3700944750881117,True,A. thaliana,OMalley2016,ZHD6,Homeodomain,HD-ZF
520,M07211_2.00,1,160,264,27655,0.33280331092443916,-0.6110694926425283,-0.29197655746746554,0.3700944750881117,True,A. thaliana,OMalley2016,anac058,NAC/NAM,.
521,M07430_2.00,1,160,186,27655,0.36899734301259457,-0.10583418439210611,-0.04582374236043369,0.3700944750881117,True,A. thaliana,OMalley2016,WRKY27,WRKY,.
522,M06762_2.00,2,160,235,27655,0.23930883960997246,0.5568076801509256,0.3458005427487429,0.3700944750881117,True,A. thaliana,OMalley2016,BZIP2,bZIP,.
523,M07341_2.00,2,160,420,27655,0.26197966700308967,-0.2809208909501974,-0.16342078809688118,0.3700944750881117,True,A. thaliana,OMalley2016,AT4G12670,Unknown,.
524,M06738_2.00,1,160,87,27655,0.30631536396462994,0.9903811308671969,0.5088887443324498,0.3700944750881117,True,A. thaliana,OMalley2016,LRL2,bHLH,.
525,M01772_2.00,1,160,83,27655,0.2990714685920537,1.0582851953690007,0.5547795741853474,0.3700944750881117,True,A. thaliana,Zoo_01,ABF1,bZIP,.
526,M07415_2.00,1,160,166,27655,0.3698469543480392,0.05828519536900058,0.02517791940424805,0.3700944750881117,True,A. thaliana,OMalley2016,WRKY11,WRKY,.
527,M06770_2.00,1,160,190,27655,0.36828051903341996,-0.13653098161502258,-0.059230041579044254,0.3700944750881117,True,A. thaliana,OMalley2016,GBF3,bZIP,.
528,M07113_2.00,1,160,103,27655,0.3305846424143156,0.7468240995327069,0.3590112839769669,0.3700944750881117,True,A. thaliana,OMalley2016,HHO5,Myb/SANT,G2-like
529,M07386_2.00,1,160,142,27655,0.3636119731514712,0.28357750721124314,0.12459313098469625,0.3700944750881117,True,A. thaliana,OMalley2016,WRKY17,WRKY,.
530,M07173_2.00,1,160,91,27655,0.31307046246542214,0.925529986517229,0.4667983652127023,0.3700944750881117,True,A. thaliana,OMalley2016,anac016,NAC/NAM,.
531,M06996_2.00,1,160,290,27655,0.3142060306942452,-0.7465844632990091,-0.37537183043659206,0.3700944750881117,True,A. thaliana,OMalley2016,AT5G23930,mTERF,.
532,M06913_2.00,1,160,100,27655,0.3265769264735235,0.7894684369412006,0.38369310967710807,0.3700944750881117,True,A. thaliana,OMalley2016,ATHB-20,Homeodomain,HD-ZIP
533,M07156_2.00,1,160,127,27655,0.3547309887053912,0.44463993994375944,0.2001328240863709,0.3700944750881117,True,A. thaliana,OMalley2016,MYB44,Myb/SANT,R2R3-MYB
534,M06562_2.00,1,160,277,27655,0.3237335530578484,-0.6804175393332629,-0.3332768705276827,0.3700944750881117,True,A. thaliana,OMalley2016,ERF10,AP2,ERF
535,M06858_2.00,1,160,193,27655,0.3676356561161307,-0.1591324105521551,-0.06915614076519264,0.3700944750881117,True,A. thaliana,OMalley2016,DOF4.3,Dof,.
536,M06628_2.00,1,160,143,27655,0.3640564776516984,0.27345328993753587,0.11999984552551607,0.3700944750881117,True,A. thaliana,OMalley2016,ERF011,AP2,DREB
537,M06761_2.00,1,160,252,27655,0.3406569295314285,-0.5439552967839912,-0.2543985212392731,0.3700944750881117,True,A. thaliana,OMalley2016,AtbZIP48,bZIP,.
538,M07366_2.00,1,160,394,27655,0.2326032574433794,-1.188727192740451,-0.7529210310018601,0.3700944750881117,True,A. thaliana,OMalley2016,ZHD1,Homeodomain,HD-ZF
539,M06722_2.00,1,160,82,27655,0.2971819004885015,1.0757726220978416,0.5669081221921466,0.3700944750881117,True,A. thaliana,OMalley2016,BHLH80,bHLH,.
540,M06935_2.00,1,160,115,27655,0.34432999980781015,0.5878345757715501,0.27218218537311195,0.3700944750881117,True,A. thaliana,OMalley2016,ATHB-53,Homeodomain,HD-ZIP
541,M01161_2.00,1,160,142,27655,0.3636119731514712,0.28357750721124314,0.12459313098469625,0.3700944750881117,True,C. sativa,TF_Evolution,PK24205.1,bZIP,.
542,M06756_2.00,2,160,236,27655,0.23996347885316976,0.5506815773540841,0.34134264682381027,0.3700944750881117,True,A. thaliana,OMalley2016,BZIP44,bZIP,.
543,M07385_2.00,1,160,186,27655,0.36899734301259457,-0.10583418439210611,-0.04582374236043369,0.3700944750881117,True,A. thaliana,OMalley2016,WRKY17,WRKY,.
544,M06910_2.00,1,160,100,27655,0.3265769264735235,0.7894684369412006,0.38369310967710807,0.3700944750881117,True,A. thaliana,OMalley2016,ATHB-6,Homeodomain,HD-ZIP
545,M06648_2.00,1,160,74,27655,0.2808858322141695,1.2238712610869757,0.6749284874064658,0.3700944750881117,True,A. thaliana,OMalley2016,ERF054,AP2,DREB
546,M07075_2.00,2,160,254,27655,0.2505696995489376,0.44463993994375944,0.2672603724359257,0.3700944750881117,True,A. thaliana,OMalley2016,AT3G11280,Myb/SANT,MYB-related
547,M07390_2.00,1,160,183,27655,0.3694232970212974,-0.0823752115681172,-0.03562527893515708,0.3700944750881117,True,A. thaliana,OMalley2016,WRKY21,WRKY,.
548,M06613_2.00,1,160,107,27655,0.3355633714128886,0.6918576403147781,0.3280965014278467,0.3700944750881117,True,A. thaliana,OMalley2016,ERF13,AP2,ERF
549,M07092_2.00,2,160,496,27655,0.23473942219779187,-0.5208716836709502,-0.3278439136295811,0.3700944750881117,True,A. thaliana,OMalley2016,TRP2,Myb/SANT,MYB-related
550,1.HSF1b-HS,2,160,196,27655,0.20834060255494877,0.8186147826007172,0.5576617427557488,0.3700944750881117,True,.,.,1.HSF1b-HS,.,.
551,M07245_2.00,2,160,207,27655,0.21814636475014865,0.7398376692166,0.48921915310634567,0.3700944750881117,True,A. thaliana,OMalley2016,NAC105,NAC/NAM,.
552,M07018_2.00,2,160,235,27655,0.23930883960997246,0.5568076801509256,0.3458005427487429,0.3700944750881117,True,A. thaliana,OMalley2016,KAN2,Myb/SANT,G2-like
553,M07072_2.00,1,160,174,27655,0.3700889822791392,-0.009618869132803094,-0.004152406589534137,0.3700944750881117,True,A. thaliana,OMalley2016,AT3G10580,Myb/SANT,MYB-related
554,M06670_2.00,2,160,304,27655,0.26890796791006266,0.1853971132723397,0.10574983284942024,0.3700944750881117,True,A. thaliana,OMalley2016,ERF9,AP2,ERF
555,M07353_2.00,2,160,219,27655,0.2278866805921969,0.6585375671147518,0.42296620501426374,0.3700944750881117,True,A. thaliana,OMalley2016,ZHD10,Homeodomain,HD-ZF
556,M07065_2.00,1,160,93,27655,0.31627050348579944,0.8941658156078939,0.4470304292539327,0.3700944750881117,True,A. thaliana,OMalley2016,MYB108,Myb/SANT,R2R3-MYB
557,M06597_2.00,2,160,232,27655,0.2373032282010182,0.5753436315883532,0.3594150687963395,0.3700944750881117,True,A. thaliana,OMalley2016,DREB2D,AP2,DREB
558,M06723_2.00,1,160,82,27655,0.2971819004885015,1.0757726220978416,0.5669081221921466,0.3700944750881117,True,A. thaliana,OMalley2016,BHLH80,bHLH,.
559,M07315_2.00,1,160,255,27655,0.33874654354090694,-0.5610288101429327,-0.26375374089624165,0.3700944750881117,True,A. thaliana,OMalley2016,AT1G74370,Unknown,.
560,M07166_2.00,1,160,178,27655,0.3699100901138043,-0.042408804250472415,-0.018316524649985455,0.3700944750881117,True,A. thaliana,OMalley2016,AT1G19040,NAC/NAM,.
561,M06787_2.00,1,160,75,27655,0.2830404434576926,1.2045059362200443,0.6602517405119496,0.3700944750881117,True,A. thaliana,OMalley2016,TGA5,bZIP,.
562,M07161_2.00,1,160,152,27655,0.36729772066325517,0.1853971132723397,0.08064436388051281,0.3700944750881117,True,A. thaliana,OMalley2016,NAC004,NAC/NAM,.
563,M07051_2.00,2,160,266,27655,0.25642358570369295,0.3780421912147358,0.22343882455323197,0.3700944750881117,True,A. thaliana,OMalley2016,MYB101,Myb/SANT,R2R3-MYB
564,M07001_2.00,1,160,127,27655,0.3547309887053912,0.44463993994375944,0.2001328240863709,0.3700944750881117,True,A. thaliana,OMalley2016,MYB60,Myb/SANT,R2R3-MYB
565,M06780_2.00,1,160,263,27655,0.33347840591157557,-0.6055943625763771,-0.28882750202324387,0.3700944750881117,True,A. thaliana,OMalley2016,BZIP53,bZIP,.
566,M06672_2.00,1,160,259,27655,0.3361428164499707,-0.5834836609706286,-0.27626560637762604,0.3700944750881117,True,A. thaliana,OMalley2016,ERF2,AP2,ERF
567,M07184_2.00,1,160,220,27655,0.35823022082742156,-0.3480350868087344,-0.1551671901939064,0.3700944750881117,True,A. thaliana,OMalley2016,SMB,NAC/NAM,.
568,M06708_2.00,3,160,451,27655,0.22053687979058637,0.20130350418170034,0.13215952981200124,0.3700944750881117,True,A. thaliana,OMalley2016,ARF16,B3,ARF
569,M07086_2.00,1,160,134,27655,0.3594083573383101,0.36723543625815275,0.16320377169580622,0.3700944750881117,True,A. thaliana,OMalley2016,AT3G24120,Myb/SANT,G2-like
570,M07229_2.00,1,160,277,27655,0.3237335530578484,-0.6804175393332629,-0.3332768705276827,0.3700944750881117,True,A. thaliana,OMalley2016,NAC079,NAC/NAM,.
571,M07039_2.00,1,160,145,27655,0.3648935958142698,0.25341553670099093,0.11095387697145481,0.3700944750881117,True,A. thaliana,OMalley2016,ATMYB63,Myb/SANT,R2R3-MYB
572,M07174_2.00,1,160,169,27655,0.370034705791783,0.03244519043374099,0.014008455647560196,0.3700944750881117,True,A. thaliana,OMalley2016,NAC017,NAC/NAM,.
573,M07270_2.00,1,160,147,27655,0.36566274926540454,0.2336522818795608,0.10208718671861164,0.3700944750881117,True,A. thaliana,OMalley2016,AT1G66420,Storekeeper,.
